snapshot_date,symbol,sector,market_category,paid_up_capital_mn,market_cap_mn,outstanding_shares,face_value,reserve_mn,sponsor_pct,govt_pct,institute_pct,foreign_pct,public_pct
2026-09-30,1JANATAMF,Mutual Funds,A,2899.23,1043.724,289923349.0,10.0,-742.8,25.0,0.0,28.24,0.0,46.76
2026-09-30,1STPRIMFMF,Mutual Funds,A,200.0,668.0,20000000.0,10.0,-43.4,2.0,0.0,22.05,0.01,75.94
2026-09-30,AAMRANET,IT Sector,Z,929.8,1785.214,92979912.0,10.0,1360.8,33.04,0.0,21.74,0.0,45.22
2026-09-30,AAMRATECH,IT Sector,Z,647.07,1048.261,64707442.0,10.0,256.5,30.01,0.0,29.97,0.0,40.02
2026-09-30,ABB1STMF,Mutual Funds,A,2390.9,884.634,239090396.0,10.0,-462.2,15.51,0.0,13.45,0.0,71.04
2026-09-30,ABBANK,Bank,Z,8956.95,3941.057,895694749.0,10.0,-41404.8,18.95,0.57,35.0,0.54,44.94
2026-09-30,ABBLPBOND,Corporate Bond,A,5710.94,6053.592,5710936.0,1000.0,0.0,0.0,0.0,94.73,0.0,5.27
2026-09-30,ACFL,Textile,A,1008.33,2218.333,100833333.0,10.0,1807.4,49.58,0.0,11.68,0.1,38.64
2026-09-30,ACI,Pharmaceuticals & Chemicals,A,878.32,15985.395,87831843.0,10.0,5916.5,47.27,0.0,34.3,0.0,18.43
2026-09-30,ACIFORMULA,Pharmaceuticals & Chemicals,A,472.5,7125.3,47250000.0,10.0,3061.4,66.02,0.0,19.98,0.0,14.0
2026-09-30,ACMELAB,Pharmaceuticals & Chemicals,A,2116.02,16483.772,211601700.0,10.0,19496.4,40.39,0.0,30.46,0.03,29.12
2026-09-30,ACMEPL,Pharmaceuticals & Chemicals,B,1350.0,3375.0,135000000.0,10.0,865.5,31.8,0.0,15.52,0.0,52.68
2026-09-30,ACTIVEFINE,Pharmaceuticals & Chemicals,Z,2399.37,1319.651,239936580.0,10.0,1909.9,12.04,0.0,21.05,0.27,66.64
2026-09-30,ADNTEL,IT Sector,A,646.52,3711.006,64651666.0,10.0,1061.8,40.76,0.0,17.44,1.52,40.28
2026-09-30,ADVENT,Pharmaceuticals & Chemicals,Z,931.33,1257.292,93132732.0,10.0,599.0,30.02,0.0,12.78,1.0,56.2
2026-09-30,AFCAGRO,Pharmaceuticals & Chemicals,Z,1152.16,668.254,115216200.0,10.0,943.6,27.84,0.0,34.11,0.0,38.05
2026-09-30,AFTABAUTO,Engineering,Z,1055.45,2796.942,105544995.0,10.0,2039.5,29.32,0.0,32.36,0.0,38.32
2026-09-30,AGNISYSL,IT Sector,B,725.56,2038.829,72556192.0,10.0,271.7,30.03,0.0,14.51,0.0,55.46
2026-09-30,AGRANINS,Insurance,A,360.19,1058.95,36018698.0,10.0,302.9,27.75,0.0,16.83,0.0,55.42
2026-09-30,AIBL1STIMF,Mutual Funds,A,1000.0,620.0,100000000.0,10.0,28.3,10.0,0.0,40.05,0.0,49.95
2026-09-30,AIBLPBOND,Corporate Bond,A,500.0,420.0,100000.0,5000.0,0.0,0.0,0.0,87.13,0.7,12.17
2026-09-30,AIL,Textile,Z,486.76,1489.511,48676835.0,10.0,600.3,30.24,0.0,13.55,0.0,56.21
2026-09-30,AL-HAJTEX,Textile,B,222.99,1654.552,22298549.0,10.0,142.2,30.65,0.01,9.65,0.05,59.64
2026-09-30,ALARABANK,Bank,Z,11516.92,17620.883,1151691713.0,10.0,14179.2,40.41,0.0,37.17,0.03,22.39
2026-09-30,ALIF,Textile,Z,2599.27,1377.613,259927022.0,10.0,1339.3,30.46,0.0,3.79,0.0,65.75
2026-09-30,ALLTEX,Textile,Z,559.68,1304.054,55968000.0,10.0,826.4,36.25,0.0,16.13,0.0,47.62
2026-09-30,AMANFEED,Miscellaneous,A,1309.7,3968.403,130970400.0,10.0,1840.9,63.26,0.0,10.35,0.03,26.36
2026-09-30,AMBEEPHA,Pharmaceuticals & Chemicals,A,24.0,1780.32,2400000.0,10.0,8.3,77.25,0.0,5.53,0.0,17.22
2026-09-30,AMCL(PRAN),Food & Allied,A,80.0,1737.6,8000000.0,10.0,623.1,40.15,0.0,28.55,0.0,31.3
2026-09-30,ANLIMAYARN,Textile,Z,178.68,462.776,17867800.0,10.0,-78.0,44.43,0.0,4.08,0.0,51.49
2026-09-30,ANWARGALV,Engineering,A,301.87,3465.477,30187080.0,10.0,-260.2,35.32,0.0,14.88,0.0,49.8
2026-09-30,AOL,Fuel & Power,Z,1097.82,1888.25,109782000.0,10.0,926.2,30.65,0.0,12.03,0.08,57.24
2026-09-30,APEXFOODS,Food & Allied,A,57.02,1500.301,5702400.0,10.0,487.9,53.39,0.0,7.5,0.0,39.11
2026-09-30,APEXFOOT,Tannery Industries,A,196.53,3928.644,19653046.0,10.0,6639.7,30.08,0.0,24.2,0.0,45.72
2026-09-30,APEXSPINN,Textile,A,84.0,3148.32,8400000.0,10.0,609.6,50.71,0.0,7.29,0.25,41.75
2026-09-30,APEXTANRY,Tannery Industries,B,152.4,1367.028,15240000.0,10.0,-117.6,34.82,0.0,26.35,0.0,38.83
2026-09-30,APOLOISPAT,Engineering,Z,4013.09,1083.533,401308600.0,10.0,-4932.7,20.24,0.0,20.53,0.42,58.81
2026-09-30,APSCLBOND,Corporate Bond,A,250.0,212.0,200000.0,1250.0,0.0,0.0,0.0,0.0,0.0,0.0
2026-09-30,ARAMIT,Miscellaneous,A,60.0,1044.0,6000000.0,10.0,794.8,60.73,0.0,13.57,0.0,25.7
2026-09-30,ARAMITCEM,Cement,Z,338.8,382.844,33880000.0,10.0,-1063.8,45.92,0.0,9.99,0.0,44.09
2026-09-30,ARGONDENIM,Textile,A,1389.0,2986.105,138888606.0,10.0,1292.8,35.87,0.0,31.41,0.0,32.72
2026-09-30,ASIAINS,Insurance,A,470.69,1986.348,47069858.0,10.0,514.2,37.88,0.0,11.11,0.0,51.01
2026-09-30,ASIAPACINS,Insurance,A,423.5,2062.445,42350000.0,10.0,545.1,33.61,0.0,32.47,0.0,33.92
2026-09-30,ASIATICLAB,Pharmaceuticals & Chemicals,A,1223.93,12900.27,122393455.0,10.0,4816.2,40.71,0.0,15.03,0.0,44.26
2026-09-30,ATLASBANG,Engineering,Z,331.27,2643.543,33127108.0,10.0,3521.4,0.0,51.0,16.96,0.0,32.04
2026-09-30,AZIZPIPES,Engineering,Z,53.47,410.659,5347125.0,10.0,-413.5,11.16,0.0,14.1,0.0,74.74
2026-09-30,BANGAS,Food & Allied,B,76.25,885.984,7624643.0,10.0,84.1,23.04,0.0,5.25,0.09,71.62
2026-09-30,BANKASI1PB,Corporate Bond,N,340.25,588.633,68050.0,5000.0,0.0,0.0,0.0,0.0,0.0,0.0
2026-09-30,BANKASIA,Bank,A,13915.09,22681.61,1391509837.0,10.0,21254.5,50.3,0.0,39.03,0.0,10.67
2026-09-30,BARKAPOWER,Fuel & Power,Z,2354.66,2354.657,235465661.0,10.0,2069.9,22.64,0.0,23.71,0.0,53.65
2026-09-30,BATASHOE,Tannery Industries,A,136.8,12123.216,13680000.0,10.0,2548.2,70.0,0.0,19.73,1.07,9.2
2026-09-30,BATBC,Food & Allied,A,5400.0,121500.0,540000000.0,10.0,50057.4,72.91,0.64,14.59,2.88,8.98
2026-09-30,BAYLEASING,Financial Institutions,Z,1408.88,619.909,140888443.0,10.0,-4298.6,18.3,0.0,24.45,0.0,57.25
2026-09-30,BBS,Engineering,B,1629.3,1889.985,162929732.0,10.0,120.5,30.01,0.0,23.69,0.06,46.24
2026-09-30,BBSCABLES,Engineering,B,2117.1,3577.895,211709767.0,10.0,3813.9,30.12,0.0,22.23,0.11,47.54
2026-09-30,BDAUTOCA,Engineering,B,43.26,783.441,4326013.0,10.0,-11.0,30.06,0.0,10.02,0.0,59.92
2026-09-30,BDCOM,IT Sector,A,629.38,1787.435,62937865.0,10.0,240.7,30.0,0.0,8.78,0.0,61.22
2026-09-30,BDFINANCE,Financial Institutions,Z,1882.36,2127.07,188236267.0,10.0,-7353.9,14.54,0.0,23.74,0.0,61.72
2026-09-30,BDLAMPS,Engineering,A,105.28,2358.244,10527877.0,10.0,336.8,61.86,0.0,8.66,0.03,29.45
2026-09-30,BDSERVICE,Travel & Leisure,Z,977.89,508.502,97788913.0,10.0,-27343.8,0.0,99.68,0.0,0.19,0.13
2026-09-30,BDTHAI,Engineering,B,1277.75,1865.519,127775250.0,10.0,1821.4,29.18,0.0,7.93,0.63,62.26
2026-09-30,BDTHAIFOOD,Food & Allied,B,815.0,1630.0,81500000.0,10.0,196.6,33.1,0.0,23.84,0.0,43.06
2026-09-30,BDWELDING,Fuel & Power,Z,433.49,502.852,43349305.0,10.0,64.9,31.01,0.0,2.88,0.72,65.39
2026-09-30,BEACHHATCH,Food & Allied,Z,414.01,1121.968,41401021.0,10.0,103.0,34.97,0.0,18.21,0.0,46.82
2026-09-30,BEACONPHAR,Pharmaceuticals & Chemicals,A,2310.0,23123.1,231000000.0,10.0,4357.1,39.86,0.0,38.16,0.0,21.98
2026-09-30,BENGALWTL,Engineering,B,914.76,1975.882,91476000.0,10.0,914.8,53.23,0.0,27.24,0.0,19.53
2026-09-30,BERGERPBL,Miscellaneous,A,491.06,72023.757,49105991.0,10.0,19240.0,89.76,0.0,8.08,0.01,2.15
2026-09-30,BESTHLDNG,Travel & Leisure,Z,10592.3,15676.609,1059230365.0,10.0,46373.1,65.34,0.0,20.54,0.0,14.12
2026-09-30,BEXGSUKUK,Corporate Bond,A,28092.43,19524.236,280924263.0,100.0,0.0,0.0,0.0,97.67,0.0,2.33
2026-09-30,BEXIMCO,Miscellaneous,B,9432.36,19147.696,943236262.0,10.0,75927.1,33.11,0.0,30.58,0.35,35.96
2026-09-30,BGIC,Insurance,A,540.27,2252.937,54027255.0,10.0,265.9,33.4,0.0,46.11,0.0,20.49
2026-09-30,BIFC,Financial Institutions,Z,1006.79,332.244,100679944.0,10.0,-14455.7,38.35,0.0,39.55,0.0,22.1
2026-09-30,BNICL,Insurance,A,442.5,7615.425,44250000.0,10.0,940.7,60.13,0.0,8.63,0.0,31.24
2026-09-30,BPML,Paper & Printing,Z,1737.91,4535.957,173791441.0,10.0,6717.7,66.21,0.0,9.06,0.0,24.73
2026-09-30,BPPL,Fuel & Power,B,1729.95,3235.016,172995488.0,10.0,1339.0,35.76,0.0,8.92,0.0,55.32
2026-09-30,BRACBANK,Bank,A,22895.65,147905.905,2289565092.0,10.0,49145.3,46.17,0.0,13.04,32.39,8.4
2026-09-30,BSC,Miscellaneous,A,1525.35,16900.882,152535040.0,10.0,9818.5,0.0,52.1,21.34,0.0,26.56
2026-09-30,BSCPLC,Telecommunication,A,1870.38,27476.006,187038843.0,10.0,12989.0,0.0,76.94,18.01,0.1,4.95
2026-09-30,BSRMLTD,Engineering,A,2985.85,28275.964,298584626.0,10.0,44862.9,47.12,0.0,15.71,16.82,20.35
2026-09-30,BSRMSTEEL,Engineering,A,3759.53,31392.034,375952500.0,10.0,30273.5,72.06,0.0,16.7,0.6,10.64
2026-09-30,BXPHARMA,Pharmaceuticals & Chemicals,A,4461.12,65667.7,446112089.0,10.0,38219.4,30.13,0.0,25.67,27.0,17.2
2026-09-30,CAPITECGBF,Mutual Funds,A,1556.8,1401.12,155680000.0,10.0,53.7,64.23,0.0,1.56,0.0,34.21
2026-09-30,CAPMBDBLMF,Mutual Funds,A,501.31,360.943,50131000.0,10.0,-117.2,19.95,0.0,10.24,0.0,69.81
2026-09-30,CAPMIBBLMF,Mutual Funds,A,668.54,1096.397,66853500.0,10.0,-136.5,66.56,0.0,3.06,0.0,30.38
2026-09-30,CBLPBOND,Corporate Bond,A,4000.0,4150.0,4000.0,1000000.0,0.0,0.0,0.0,65.0,0.0,35.0
2026-09-30,CENTRALINS,Insurance,A,531.45,2343.687,53144823.0,10.0,2106.5,39.33,0.04,13.66,0.0,46.97
2026-09-30,CENTRALPHL,Pharmaceuticals & Chemicals,Z,1198.01,1078.208,119800844.0,10.0,-374.7,7.67,0.0,7.42,0.0,84.91
2026-09-30,CITYBANK,Bank,A,17494.05,52307.221,1749405380.0,10.0,42782.1,30.37,0.0,20.43,8.26,40.94
2026-09-30,CITYGENINS,Insurance,A,681.66,8895.679,68166122.0,10.0,902.3,36.06,0.0,38.59,0.01,25.34
2026-09-30,CLICL,Insurance,B,375.0,1788.75,37500000.0,10.0,0.0,60.0,0.0,4.41,0.0,35.59
2026-09-30,CNATEX,Textile,Z,2393.16,717.948,239316000.0,10.0,-3304.8,7.1,0.0,10.04,0.0,82.86
2026-09-30,CONFIDCEM,Cement,A,862.54,5123.475,86253790.0,10.0,5813.9,30.34,0.0,38.55,0.15,30.96
2026-09-30,CONTININS,Insurance,B,436.86,1498.415,43685576.0,10.0,467.3,31.54,0.0,7.52,0.0,60.94
2026-09-30,COPPERTECH,Engineering,B,655.2,1441.44,65520000.0,10.0,282.8,27.57,0.0,17.5,0.0,54.93
2026-09-30,CROWNCEMNT,Cement,A,1485.0,8791.2,148500000.0,10.0,4863.1,41.02,0.0,19.27,0.05,39.66
2026-09-30,CRYSTALINS,Insurance,A,440.0,3172.4,44000000.0,10.0,776.5,58.0,0.0,12.96,0.03,29.01
2026-09-30,CVOPRL,Fuel & Power,A,302.69,4782.463,30268755.0,10.0,49.6,43.06,0.0,17.44,0.09,39.41
2026-09-30,DACCADYE,Textile,Z,871.53,1263.725,87153453.0,10.0,1368.8,30.1,0.0,17.24,0.08,52.58
2026-09-30,DAFODILCOM,IT Sector,B,499.12,7741.392,49912262.0,10.0,147.0,41.4,0.0,36.73,0.06,21.81
2026-09-30,DBH,Financial Institutions,A,2028.68,8053.859,202867974.0,10.0,7968.0,51.32,0.0,32.66,0.54,15.48
2026-09-30,DBH1STMF,Mutual Funds,A,1200.0,684.0,120000000.0,10.0,38.1,16.67,0.0,38.93,0.0,44.4
2026-09-30,DBLPBOND,Corporate Bond,A,200.0,249.0,40000.0,5000.0,0.0,0.0,0.0,0.0,0.0,0.0
2026-09-30,DEBARACEM,Debenture,A,57.83,83.925,45000.0,1285.0,0.0,0.0,0.0,0.0,0.0,0.0
2026-09-30,DEBBDLUGG,Debenture,A,0.0,0.0,,0.0,0.0,0.0,0.0,0.0,0.0,0.0
2026-09-30,DEBBDWELD,Debenture,A,3.2,11.348,8000.0,400.0,0.0,0.0,0.0,0.0,0.0,0.0
2026-09-30,DEBBDZIPP,Debenture,A,0.0,0.0,,0.0,0.0,0.0,0.0,0.0,0.0,0.0
2026-09-30,DEBBXDENIM,Debenture,A,20.76,174.0,120000.0,173.0,0.0,0.0,0.0,0.0,0.0,0.0
2026-09-30,DEBBXFISH,Debenture,A,0.0,33.4,40000.0,0.0,0.0,0.0,0.0,0.0,0.0,0.0
2026-09-30,DEBBXKNI,Debenture,A,0.0,90.0,100000.0,0.0,0.0,0.0,0.0,0.0,0.0,0.0
2026-09-30,DEBBXTEX,Debenture,A,16.61,124.8,96000.0,173.0,0.0,0.0,0.0,0.0,0.0,0.0
2026-09-30,DELTALIFE,Insurance,A,1237.5,8848.125,123750000.0,10.0,0.0,48.84,0.0,15.29,0.0,35.87
2026-09-30,DELTASPINN,Textile,Z,1664.82,1198.67,166481964.0,10.0,515.9,20.6,0.0,6.34,0.0,73.06
2026-09-30,DESCO,Fuel & Power,Z,3975.7,9024.835,397569804.0,10.0,10071.0,0.0,67.66,23.85,0.04,8.45
2026-09-30,DESHBANDHU,Engineering,B,613.65,1030.935,61365150.0,10.0,278.5,33.54,0.0,15.19,0.0,51.27
2026-09-30,DGIC,Insurance,B,400.0,1672.0,40000000.0,10.0,454.1,48.98,0.0,4.89,0.0,46.13
2026-09-30,DHAKABANK,Bank,A,10569.32,11943.336,1056932349.0,10.0,14420.8,44.25,0.0,12.75,0.0,43.0
2026-09-30,DHAKAINS,Insurance,A,401.25,1837.725,40125000.0,10.0,1053.3,54.81,0.0,11.92,0.06,33.21
2026-09-30,DOMINAGE,Engineering,B,1026.0,6484.32,102600000.0,10.0,735.1,30.2,0.0,8.08,0.02,61.7
2026-09-30,DOREENPWR,Fuel & Power,A,1811.19,5578.462,181118901.0,10.0,7323.0,66.61,0.0,17.34,0.0,16.05
2026-09-30,DSHGARME,Textile,B,82.88,1220.873,8288342.0,10.0,74.9,54.99,0.0,4.78,0.0,40.23
2026-09-30,DSSL,Textile,B,2107.93,2318.726,210793275.0,10.0,1725.3,32.17,0.0,8.96,0.0,58.87
2026-09-30,DULAMIACOT,Textile,Z,75.57,1673.031,7556600.0,10.0,-376.6,33.01,0.0,6.56,0.0,60.43
2026-09-30,DUTCHBANGL,Bank,A,10150.36,46082.643,1015036195.0,10.0,60070.5,83.56,0.0,7.38,0.04,9.02
2026-09-30,EASTERNINS,Insurance,A,431.1,2737.494,43110144.0,10.0,495.3,44.86,0.0,25.85,0.0,29.29
2026-09-30,EASTLAND,Insurance,A,838.81,2340.268,83880581.0,10.0,971.3,41.11,0.0,24.23,0.0,34.66
2026-09-30,EASTRNLUB,Fuel & Power,A,23.81,4621.391,2381424.0,10.0,309.3,15.04,51.0,6.3,0.0,27.66
2026-09-30,EBL,Bank,A,16436.87,37311.713,1643687789.0,10.0,33646.5,29.44,0.0,43.59,0.1,26.87
2026-09-30,EBL1STMF,Mutual Funds,A,1447.54,680.345,144754222.0,10.0,-306.7,1.38,0.0,60.36,0.0,38.26
2026-09-30,EBLNRBMF,Mutual Funds,A,2242.61,807.341,224261303.0,10.0,-531.2,8.89,0.0,36.54,0.0,54.57
2026-09-30,ECABLES,Engineering,B,264.0,3059.76,26400000.0,10.0,8694.1,8.08,51.0,13.21,0.0,27.71
2026-09-30,EGEN,IT Sector,B,750.0,1687.5,75000000.0,10.0,817.1,30.07,0.0,13.5,0.53,55.9
2026-09-30,EHL,Services & Real Estate,A,933.45,7840.993,93345153.0,10.0,7467.0,50.44,0.0,25.16,0.03,24.37
2026-09-30,EIL,Insurance,B,651.97,2131.957,65197464.0,10.0,646.3,60.0,0.0,2.8,0.0,37.2
2026-09-30,EMERALDOIL,Food & Allied,Z,912.72,2582.998,91272004.0,10.0,-1859.0,54.5,0.0,4.41,0.0,41.09
2026-09-30,ENVOYTEX,Textile,A,1677.35,12060.13,167734767.0,10.0,7009.7,65.41,0.0,21.65,0.13,12.81
2026-09-30,EPGL,Fuel & Power,B,1901.63,3175.726,190163216.0,10.0,2342.5,54.14,0.0,16.07,0.0,29.79
2026-09-30,ESQUIRENIT,Textile,A,1348.96,3129.583,134895833.0,10.0,6346.1,46.95,0.0,41.04,0.0,12.01
2026-09-30,ETL,Textile,B,1837.44,2829.658,183744000.0,10.0,519.6,32.94,0.0,12.35,0.0,54.71
2026-09-30,EXIM1STMF,Mutual Funds,A,1432.56,931.166,143256343.0,10.0,-263.9,21.97,0.0,19.34,0.0,58.69
2026-09-30,EXIMBANK,Bank,A,14475.57,4342.672,1447557344.0,10.0,17103.9,30.44,0.0,27.45,0.46,41.65
2026-09-30,FAMILYTEX,Textile,Z,3541.6,814.569,354160388.0,10.0,523.9,4.02,0.0,18.41,0.0,77.57
2026-09-30,FARCHEM,Pharmaceuticals & Chemicals,B,1530.97,2388.318,153097333.0,10.0,3447.8,32.63,0.0,23.86,0.0,43.51
2026-09-30,FAREASTFIN,Financial Institutions,Z,1640.63,344.533,164063330.0,10.0,-9921.9,39.74,0.0,10.69,0.0,49.57
2026-09-30,FAREASTLIF,Insurance,Z,747.43,1307.998,74742751.0,10.0,0.0,18.06,0.0,43.07,0.0,38.87
2026-09-30,FASFIN,Financial Institutions,Z,1490.77,372.693,149077364.0,10.0,-20163.0,13.2,0.0,7.9,0.0,78.9
2026-09-30,FBFIF,Mutual Funds,A,7761.0,2716.515,776147028.0,10.0,-1300.8,53.97,0.0,29.23,0.0,16.8
2026-09-30,FEDERALINS,Insurance,A,710.4,1982.006,71039643.0,10.0,215.9,36.04,0.0,2.45,0.0,61.51
2026-09-30,FEKDIL,Textile,A,2187.44,4877.995,218744171.0,10.0,2062.3,67.2,0.0,5.74,0.0,27.06
2026-09-30,FINEFOODS,Food & Allied,A,139.74,6292.455,13973918.0,10.0,65.0,13.92,0.0,18.64,0.0,67.44
2026-09-30,FIRSTFIN,Financial Institutions,Z,1185.0,521.597,118544663.0,10.0,-6639.2,41.31,0.0,18.26,0.0,40.43
2026-09-30,FIRSTSBANK,Bank,Z,12081.39,2295.465,1208139379.0,10.0,12928.5,5.9,0.0,28.21,0.15,65.74
2026-09-30,FORTUNE,Tannery Industries,Z,1706.62,2594.066,170662263.0,10.0,828.9,30.93,0.0,16.78,0.0,52.29
2026-09-30,FUWANGCER,Ceramics Sector,B,1362.69,1689.737,136269093.0,10.0,196.8,30.0,0.0,4.92,0.4,64.68
2026-09-30,FUWANGFOOD,Food & Allied,Z,1108.39,1064.057,110839284.0,10.0,-883.1,7.85,0.0,9.52,0.01,82.62
2026-09-30,GBBPOWER,Fuel & Power,Z,1018.04,1323.446,101803548.0,10.0,177.9,32.01,0.0,14.27,0.0,53.72
2026-09-30,GEMINISEA,Food & Allied,Z,114.85,1227.791,11485418.0,10.0,103.5,30.01,0.0,6.5,0.28,63.21
2026-09-30,GENEXIL,IT Sector,B,1204.5,4095.301,120450021.0,10.0,1730.3,26.07,0.0,21.21,0.04,52.68
2026-09-30,GENNEXT,Textile,Z,4949.75,1435.426,494974555.0,10.0,695.5,16.26,0.0,21.85,0.0,61.89
2026-09-30,GHAIL,Food & Allied,B,2158.38,2676.387,215837621.0,10.0,476.4,30.42,0.0,36.8,0.22,32.56
2026-09-30,GHCL,Pharmaceuticals & Chemicals,Z,720.0,1411.2,72000000.0,10.0,1641.9,68.6,0.0,10.32,0.0,21.08
2026-09-30,GIB,Bank,Z,9874.39,1678.647,987439688.0,10.0,-31366.8,15.43,0.0,53.15,0.0,31.42
2026-09-30,GLDNJMF,Mutual Funds,A,1000.0,910.0,100000000.0,10.0,-60.9,61.0,0.0,10.6,0.0,28.4
2026-09-30,GLOBALINS,Insurance,A,405.52,1861.326,40551763.0,10.0,195.9,35.32,0.0,10.16,0.0,54.52
2026-09-30,GOLDENSON,Engineering,B,1717.3,2060.757,171729772.0,10.0,-49.3,30.29,0.0,21.44,0.0,48.27
2026-09-30,GP,Telecommunication,A,13503.0,326502.545,1350300022.0,10.0,35167.4,90.0,0.0,6.85,0.17,2.98
2026-09-30,GPHISPAT,Engineering,B,4838.83,7693.747,483883456.0,10.0,18892.0,30.22,0.0,19.0,0.0,50.78
2026-09-30,GQBALLPEN,Miscellaneous,A,89.28,5224.719,8928091.0,10.0,788.5,37.77,0.0,1.47,0.05,60.71
2026-09-30,GRAMEENS2,Mutual Funds,A,1823.98,2261.734,182397902.0,10.0,1131.9,20.52,0.0,53.97,0.0,25.51
2026-09-30,GREENDELMF,Mutual Funds,A,1500.0,735.0,150000000.0,10.0,24.6,8.33,0.0,43.56,0.0,48.11
2026-09-30,GREENDELT,Insurance,A,1001.88,6772.722,100188194.0,10.0,6064.6,30.58,0.0,23.19,4.6,41.63
2026-09-30,GSPFINANCE,Financial Institutions,Z,1570.69,565.447,157068585.0,10.0,1263.8,12.02,0.0,34.63,0.0,53.35
2026-09-30,HAKKANIPUL,Paper & Printing,B,190.0,1301.5,19000000.0,10.0,270.5,47.28,0.0,2.57,0.0,50.15
2026-09-30,HAMI,Miscellaneous,Z,77.0,1141.14,7700000.0,10.0,-61.9,32.52,0.0,11.78,1.18,54.52
2026-09-30,HEIDELBCEM,Cement,A,565.04,11696.241,56503580.0,10.0,3611.7,60.67,0.0,28.44,0.04,10.85
2026-09-30,HFL,Textile,Z,910.57,1010.736,91057312.0,10.0,1549.9,51.38,0.0,18.73,0.0,29.89
2026-09-30,HRTEX,Textile,Z,292.22,487.999,29221500.0,10.0,334.1,34.54,0.0,16.18,0.0,49.28
2026-09-30,HWAWELLTEX,Textile,A,560.0,2587.2,56000000.0,10.0,1688.1,50.83,0.0,7.79,0.05,41.33
2026-09-30,IBBL2PBOND,Corporate Bond,N,800.0,632.0,160000.0,5000.0,0.0,0.0,0.0,0.0,0.0,0.0
2026-09-30,IBBLPBOND,Corporate Bond,A,3000.0,1875.0,3000000.0,1000.0,0.0,0.0,0.0,79.51,0.66,19.83
2026-09-30,IBNSINA,Pharmaceuticals & Chemicals,A,312.44,9929.225,31243627.0,10.0,3607.5,44.68,0.0,25.37,0.0,29.95
2026-09-30,IBP,Pharmaceuticals & Chemicals,B,1162.05,1696.596,116205178.0,10.0,294.2,24.43,0.0,17.9,0.08,57.59
2026-09-30,ICB,Financial Institutions,B,8672.59,33216.018,867258961.0,10.0,16452.2,69.2,27.0,1.64,0.0,2.16
2026-09-30,ICB3RDNRB,Mutual Funds,A,1000.0,630.0,100000000.0,10.0,-274.3,10.03,0.0,39.72,0.04,50.21
2026-09-30,ICBAGRANI1,Mutual Funds,A,982.0,814.653,98151000.0,10.0,-98.2,50.94,0.0,33.38,0.02,15.66
2026-09-30,ICBAMCL2ND,Mutual Funds,A,500.0,500.0,50000000.0,10.0,-95.8,0.0,0.0,55.18,0.0,44.82
2026-09-30,ICBEPMF1S1,Mutual Funds,A,750.0,495.0,75000000.0,10.0,-196.1,10.0,0.0,42.76,0.0,47.24
2026-09-30,ICBIBANK,Bank,Z,6647.02,1661.756,664702300.0,10.0,-21270.9,52.76,0.17,20.37,0.0,26.7
2026-09-30,ICBSONALI1,Mutual Funds,A,1000.0,790.0,100000000.0,10.0,-177.5,25.0,0.0,31.18,0.0,43.82
2026-09-30,ICICL,Insurance,A,506.53,2091.959,50652766.0,10.0,373.1,41.3,0.0,3.79,0.0,54.91
2026-09-30,IDLC,Financial Institutions,A,4583.08,19386.411,458307579.0,10.0,15962.3,35.12,0.0,52.67,0.53,11.68
2026-09-30,IFADAUTOS,Engineering,B,2682.54,6008.888,268253911.0,10.0,5866.1,54.87,0.0,25.65,0.0,19.48
2026-09-30,IFIC,Bank,Z,19220.87,9226.016,1922086647.0,10.0,-9677.9,0.0,32.75,21.35,0.64,45.26
2026-09-30,IFIC1STMF,Mutual Funds,A,1821.67,728.672,182167965.0,10.0,-329.7,20.83,0.0,12.69,0.0,66.48
2026-09-30,IFILISLMF1,Mutual Funds,A,1000.0,600.0,100000000.0,10.0,-319.6,1.0,0.0,54.97,0.01,44.02
2026-09-30,ILFSL,Financial Institutions,Z,2218.1,465.802,221810246.0,10.0,-49313.1,41.55,0.0,13.07,0.0,45.38
2026-09-30,INDEXAGRO,Miscellaneous,A,496.16,3537.644,49616331.0,10.0,3138.1,57.77,0.0,23.18,0.0,19.05
2026-09-30,INTECH,IT Sector,Z,313.21,757.974,31321226.0,10.0,-327.2,30.0,0.0,5.97,0.12,63.91
2026-09-30,INTRACO,Fuel & Power,Z,985.71,2158.71,98571236.0,10.0,328.6,30.3,0.0,20.58,0.04,49.08
2026-09-30,IPDC,Financial Institutions,A,4295.85,15293.221,429584851.0,10.0,2604.7,40.0,21.88,19.32,0.08,18.72
2026-09-30,ISLAMIBANK,Bank,Z,16099.91,42986.751,1609990668.0,10.0,55578.2,0.18,0.0,75.0,17.91,6.91
2026-09-30,ISLAMICFIN,Financial Institutions,Z,1403.27,1487.463,140326670.0,10.0,-1069.8,30.82,0.0,23.52,0.0,45.66
2026-09-30,ISLAMIINS,Insurance,A,411.65,2753.953,41165215.0,10.0,517.2,45.61,0.0,7.74,0.0,46.65
2026-09-30,ISNLTD,IT Sector,B,109.2,575.484,10920003.0,10.0,-82.9,21.48,0.0,11.68,0.0,66.84
2026-09-30,ITC,IT Sector,A,1285.93,5670.936,128592664.0,10.0,1409.4,51.09,0.0,12.75,0.2,35.96
2026-09-30,JAMUNABANK,Bank,A,9393.37,21510.832,939337630.0,10.0,16371.0,36.98,0.0,3.46,0.13,59.43
2026-09-30,JAMUNAOIL,Fuel & Power,A,1104.25,19600.367,110424600.0,10.0,28966.0,0.0,60.08,31.18,0.1,8.64
2026-09-30,JANATAINS,Insurance,A,484.83,1599.927,48482628.0,10.0,190.0,39.87,0.0,7.56,0.0,52.57
2026-09-30,JHRML,Pharmaceuticals & Chemicals,B,1252.94,5425.235,125294120.0,10.0,1943.9,32.3,0.0,42.52,0.0,25.18
2026-09-30,JMISMDL,Pharmaceuticals & Chemicals,A,300.56,3859.19,30056000.0,10.0,612.8,79.65,0.0,5.85,0.0,14.5
2026-09-30,JUTESPINN,Jute,Z,17.0,354.28,1700000.0,10.0,-267.7,39.82,0.0,23.2,0.0,36.98
2026-09-30,KARNAPHULI,Insurance,A,448.76,2468.186,44876113.0,10.0,545.7,32.74,0.0,11.81,0.0,55.45
2026-09-30,KAY&QUE,Engineering,B,69.93,2897.92,6993049.0,10.0,641.4,35.24,0.0,15.2,0.0,49.56
2026-09-30,KBPPWBIL,Miscellaneous,A,980.8,3501.452,98079877.0,10.0,203.5,30.13,0.0,11.76,0.0,58.11
2026-09-30,KDSALTD,Engineering,A,747.41,3311.048,74741479.0,10.0,1203.4,63.97,0.0,12.58,0.0,23.45
2026-09-30,KEYACOSMET,Pharmaceuticals & Chemicals,Z,11023.2,5842.282,1102317324.0,10.0,-851.9,46.05,0.0,8.57,0.0,45.38
2026-09-30,KOHINOOR,Pharmaceuticals & Chemicals,A,407.78,21224.893,40777893.0,10.0,2007.9,50.57,0.0,14.7,0.01,34.72
2026-09-30,KPCL,Fuel & Power,Z,3974.13,4172.838,397413179.0,10.0,3587.8,69.99,0.0,9.11,0.0,20.9
2026-09-30,KPPL,Paper & Printing,Z,730.4,986.04,73040000.0,10.0,-866.6,39.76,0.0,1.11,0.0,59.13
2026-09-30,KTL,Textile,Z,1163.05,1477.076,116305200.0,10.0,583.5,30.32,0.0,19.47,0.13,50.08
2026-09-30,LANKABAFIN,Financial Institutions,A,5388.39,7813.16,538838623.0,10.0,3394.9,33.77,0.0,23.24,0.45,42.54
2026-09-30,LEGACYFOOT,Tannery Industries,B,430.8,2938.055,43079980.0,10.0,52.2,32.64,0.0,31.95,0.0,35.41
2026-09-30,LHB,Cement,A,11613.7,60391.422,1161373500.0,10.0,7449.6,62.66,0.0,23.43,0.77,13.14
2026-09-30,LIBRAINFU,Pharmaceuticals & Chemicals,Z,22.53,1266.344,2252880.0,10.0,1871.3,34.42,0.0,4.24,0.0,61.34
2026-09-30,LINDEBD,Fuel & Power,A,152.18,10094.285,15218280.0,10.0,3072.4,60.0,0.0,22.0,0.0,18.0
2026-09-30,LOVELLO,Food & Allied,A,981.75,5036.378,98175000.0,10.0,141.0,31.83,0.0,11.19,0.0,56.98
2026-09-30,LRBDL,Fuel & Power,Z,1452.43,1931.734,145243144.0,10.0,1851.0,35.73,0.0,10.76,0.0,53.51
2026-09-30,LRGLOBMF1,Mutual Funds,A,3110.8,1399.861,311080332.0,10.0,147.6,13.57,0.0,59.14,0.0,27.29
2026-09-30,MAGURAPLEX,Paper & Printing,A,296.03,2436.358,29603378.0,10.0,1872.0,45.81,0.0,5.58,0.0,48.61
2026-09-30,MAKSONSPIN,Textile,Z,2382.33,1334.102,238232538.0,10.0,-949.0,30.0,0.0,6.42,0.0,63.58
2026-09-30,MALEKSPIN,Textile,A,1936.0,9292.8,193600000.0,10.0,8301.8,47.34,0.0,13.76,0.0,38.9
2026-09-30,MARICO,Pharmaceuticals & Chemicals,A,315.0,83944.35,31500000.0,10.0,2353.7,90.0,0.0,6.72,0.91,2.37
2026-09-30,MATINSPINN,Textile,A,974.9,6648.818,97490000.0,10.0,4918.2,32.72,0.0,42.73,0.0,24.55
2026-09-30,MBL1STMF,Mutual Funds,A,1000.0,1100.0,100000000.0,10.0,125.1,10.0,0.0,48.54,0.0,41.46
2026-09-30,MBPLCPBOND,Corporate Bond,A,500.0,485.0,100000.0,5000.0,0.0,0.0,0.0,0.0,0.0,0.0
2026-09-30,MEGCONMILK,Food & Allied,Z,160.0,496.0,16000000.0,10.0,-418.4,37.43,0.0,6.75,0.0,55.82
2026-09-30,MEGHNACEM,Cement,Z,315.88,916.067,31588529.0,10.0,-369.6,41.9,0.0,34.51,0.0,23.59
2026-09-30,MEGHNAINS,Insurance,A,400.0,1428.0,40000000.0,10.0,571.7,20.32,0.0,13.2,0.0,66.48
2026-09-30,MEGHNALIFE,Insurance,A,424.05,2200.831,42405218.0,10.0,0.0,30.11,0.0,22.1,0.0,47.79
2026-09-30,MEGHNAPET,Food & Allied,Z,120.0,949.2,12000000.0,10.0,725.1,43.55,0.0,6.35,0.0,50.1
2026-09-30,MERCANBANK,Bank,Z,11065.75,7082.083,1106575435.0,10.0,15661.4,33.62,0.0,27.95,0.64,37.79
2026-09-30,MERCINS,Insurance,A,430.95,2245.268,43095360.0,10.0,340.2,33.43,0.0,29.51,0.0,37.06
2026-09-30,METROSPIN,Textile,Z,616.98,592.303,61698275.0,10.0,-406.8,30.09,0.0,14.73,0.0,55.18
2026-09-30,MHSML,Textile,B,1009.93,1999.669,100993374.0,10.0,1051.4,39.61,0.0,17.76,0.08,42.55
2026-09-30,MIDASFIN,Financial Institutions,Z,1438.93,719.463,143892507.0,10.0,-4124.5,38.36,0.0,26.25,0.41,34.98
2026-09-30,MIDLANDBNK,Bank,B,6786.26,11333.048,678625640.0,10.0,3687.8,80.6,0.0,3.36,0.0,16.04
2026-09-30,MIRACLEIND,Miscellaneous,Z,352.18,929.757,35218055.0,10.0,46.5,30.26,0.0,4.89,0.2,64.65
2026-09-30,MIRAKHTER,Engineering,A,1207.72,4106.233,120771547.0,10.0,3974.1,48.58,0.0,7.1,0.0,44.32
2026-09-30,MITHUNKNIT,Textile,Z,324.91,435.382,32491162.0,10.0,-144.8,16.77,0.0,10.05,1.3,71.88
2026-09-30,MJLBD,Fuel & Power,A,3167.52,28380.982,316752027.0,10.0,9883.6,71.52,0.0,22.9,0.02,5.56
2026-09-30,MLDYEING,Textile,B,2324.34,2649.749,232434090.0,10.0,766.6,30.57,0.0,8.96,0.0,60.47
2026-09-30,MONNOAGML,Engineering,B,44.0,1357.039,4400256.0,10.0,443.8,30.0,0.0,8.74,0.05,61.21
2026-09-30,MONNOCERA,Ceramics Sector,B,377.24,3225.429,37724317.0,10.0,2645.9,30.54,0.0,10.21,0.13,59.12
2026-09-30,MONNOFABR,Textile,B,1150.0,2277.0,115000000.0,10.0,1399.8,30.9,0.0,5.78,1.79,61.53
2026-09-30,MONOSPOOL,Paper & Printing,A,392.21,4122.113,39220866.0,10.0,1144.4,38.79,0.0,3.15,0.0,58.06
2026-09-30,MPETROLEUM,Fuel & Power,A,1082.16,22238.41,108216108.0,10.0,28941.0,0.0,58.67,33.33,0.1,7.9
2026-09-30,MTB,Bank,A,12112.03,16351.248,1211203526.0,10.0,17196.0,33.18,0.0,31.04,0.0,35.78
2026-09-30,MTBPBOND,Corporate Bond,A,4000.0,4000.0,4000.0,1000000.0,0.0,0.0,0.0,0.0,0.0,0.0
2026-09-30,NAHEEACP,Engineering,B,683.6,2385.77,68360160.0,10.0,130.4,32.29,0.0,22.2,0.0,45.51
2026-09-30,NATLIFEINS,Insurance,A,1085.22,10157.657,108521981.0,10.0,0.0,61.11,0.0,16.26,0.0,22.63
2026-09-30,NAVANACNG,Engineering,Z,755.53,1511.055,75552772.0,10.0,1570.8,42.49,0.0,25.78,0.0,31.73
2026-09-30,NAVANAPHAR,Pharmaceuticals & Chemicals,A,1074.16,6745.738,107416217.0,10.0,4084.0,31.64,0.0,10.6,19.63,38.13
2026-09-30,NBL,Bank,Z,32197.4,10303.167,3219739570.0,10.0,-55922.0,17.4,0.0,38.48,0.51,43.61
2026-09-30,NCCBANK,Bank,A,11548.4,16514.212,1154840018.0,10.0,18653.3,42.1,0.0,21.24,0.03,36.63
2026-09-30,NCCBLMF1,Mutual Funds,A,1085.03,748.673,108503401.0,10.0,105.5,15.0,0.0,66.36,0.0,18.64
2026-09-30,NEWLINE,Textile,Z,785.33,408.37,78532650.0,10.0,1099.1,30.61,0.0,18.33,0.0,51.06
2026-09-30,NFML,Miscellaneous,B,933.61,1428.428,93361324.0,10.0,102.2,30.4,0.0,5.67,0.0,63.93
2026-09-30,NHFIL,Financial Institutions,A,1287.34,3372.839,128734320.0,10.0,908.7,45.13,9.34,14.19,0.0,31.34
2026-09-30,NITOLINS,Insurance,A,422.18,2452.867,42218020.0,10.0,476.9,35.0,0.0,18.64,0.0,46.36
2026-09-30,NORTHERN,Jute,Z,21.42,209.916,2142000.0,10.0,153.5,15.09,0.0,0.0,0.0,84.91
2026-09-30,NORTHRNINS,Insurance,A,447.93,1666.284,44792592.0,10.0,660.5,30.82,0.0,28.17,0.0,41.01
2026-09-30,NPOLYMER,Engineering,B,729.84,2393.864,72983668.0,10.0,1117.4,32.22,0.0,13.2,0.0,54.58
2026-09-30,NRBBANK,Bank,Z,6905.87,4557.876,690587200.0,0.0,1838.2,55.99,0.0,2.91,0.0,41.1
2026-09-30,NRBCBANK,Bank,Z,8286.5,7623.576,828649534.0,10.0,5584.8,59.06,0.0,4.15,0.0,36.79
2026-09-30,NTC,Food & Allied,Z,297.5,4617.2,29750000.0,10.0,-1093.5,39.43,5.22,31.49,0.0,23.86
2026-09-30,NTLTUBES,Engineering,B,348.22,2103.237,34821803.0,10.0,4443.7,0.05,51.0,6.01,0.0,42.94
2026-09-30,NURANI,Textile,Z,1226.25,355.613,122625030.0,10.0,25.1,30.93,0.0,17.28,0.0,51.79
2026-09-30,OAL,Engineering,Z,1695.27,1017.162,169526982.0,10.0,-84.8,25.81,0.0,15.38,0.0,58.81
2026-09-30,OIMEX,Engineering,Z,730.85,1015.878,73084781.0,10.0,-479.6,35.76,0.0,19.22,0.0,45.02
2026-09-30,OLYMPIC,Food & Allied,A,1999.39,28571.267,199938886.0,10.0,10466.8,37.38,0.0,22.81,27.33,12.48
2026-09-30,ONEBANKPLC,Bank,Z,10658.22,8100.246,1065821887.0,10.0,13281.8,30.21,0.0,43.23,0.02,26.54
2026-09-30,ORIONINFU,Pharmaceuticals & Chemicals,A,203.6,5470.668,20359760.0,10.0,122.5,40.61,0.0,11.31,0.06,48.02
2026-09-30,ORIONPHARM,Pharmaceuticals & Chemicals,Z,2340.0,6949.8,234000000.0,10.0,10533.4,31.98,0.0,21.44,0.15,46.43
2026-09-30,PADMALIFE,Insurance,Z,388.8,606.528,38880000.0,10.0,0.0,31.56,0.0,17.68,0.0,50.76
2026-09-30,PADMAOIL,Fuel & Power,A,982.33,19312.559,98232750.0,10.0,26017.7,2.06,50.35,32.85,0.02,14.72
2026-09-30,PARAMOUNT,Insurance,A,406.65,2639.156,40664966.0,10.0,738.4,48.48,0.0,18.31,0.05,33.16
2026-09-30,PBLPBOND,Corporate Bond,A,500.0,490.0,100000.0,5000.0,0.0,0.0,0.0,99.39,0.0,0.61
2026-09-30,PDL,Textile,Z,1835.5,1027.881,183550143.0,10.0,656.6,30.12,0.0,9.42,0.01,60.45
2026-09-30,PENINSULA,Travel & Leisure,B,1186.67,2397.069,118666800.0,10.0,1073.2,56.86,0.0,6.94,0.08,36.12
2026-09-30,PEOPLESINS,Insurance,A,462.0,2901.36,46200000.0,10.0,1091.4,34.49,0.0,7.72,0.0,57.79
2026-09-30,PF1STMF,Mutual Funds,A,600.0,1014.0,60000000.0,10.0,-167.9,23.33,0.0,23.72,0.01,52.94
2026-09-30,PHARMAID,Pharmaceuticals & Chemicals,A,31.2,1719.12,3120000.0,10.0,401.2,19.39,0.0,20.24,0.0,60.37
2026-09-30,PHENIXINS,Insurance,A,403.42,1948.498,40341572.0,10.0,961.4,38.88,0.0,11.09,0.0,50.03
2026-09-30,PHOENIXFIN,Financial Institutions,Z,1658.74,547.385,165874195.0,10.0,-18741.7,26.01,0.0,18.22,0.0,55.77
2026-09-30,PHPMF1,Mutual Funds,A,2818.93,1014.816,281893264.0,10.0,-699.3,11.72,0.0,41.64,0.0,46.64
2026-09-30,PIONEERINS,Insurance,A,1026.91,7126.789,102691491.0,10.0,3196.4,39.94,0.0,28.18,0.0,31.88
2026-09-30,PLFSL,Financial Institutions,Z,2854.41,456.705,285440597.0,10.0,-48159.8,18.15,0.0,12.91,0.25,68.69
2026-09-30,POPULAR1MF,Mutual Funds,A,2991.0,1076.72,299089027.0,10.0,-708.8,10.0,0.0,19.28,0.0,70.72
2026-09-30,POPULARLIF,Insurance,A,604.28,3396.074,60428358.0,10.0,0.0,23.7,0.0,27.58,0.0,48.72
2026-09-30,POWERGRID,Fuel & Power,Z,9138.07,34633.285,913806991.0,10.0,-14876.5,58.5,22.0,14.66,0.01,4.83
2026-09-30,PRAGATIINS,Insurance,A,812.15,6074.849,81214559.0,10.0,3702.8,35.07,0.0,21.29,0.0,43.64
2026-09-30,PRAGATILIF,Insurance,A,357.99,5062.094,35799816.0,10.0,0.0,38.62,0.0,15.68,0.0,45.7
2026-09-30,PREBPBOND,Corporate Bond,A,200.0,178.6,40000.0,5000.0,0.0,0.0,0.0,0.0,0.0,0.0
2026-09-30,PREMIERBAN,Bank,Z,12334.31,7030.557,1233431133.0,10.0,4433.5,25.23,0.0,22.07,0.0,52.7
2026-09-30,PREMIERCEM,Cement,A,1054.5,4534.35,105450000.0,10.0,5305.6,35.99,0.0,23.46,0.02,40.53
2026-09-30,PREMIERLEA,Financial Institutions,Z,1329.7,252.643,132970210.0,10.0,-14570.6,20.72,0.0,9.64,0.0,69.64
2026-09-30,PRIME1ICBA,Mutual Funds,A,1000.0,790.0,100000000.0,10.0,-238.4,20.0,0.0,49.91,0.0,30.09
2026-09-30,PRIMEBANK,Bank,A,12186.2,34121.363,1218620091.0,10.0,33019.9,35.54,0.0,36.3,5.36,22.8
2026-09-30,PRIMEFIN,Financial Institutions,Z,2729.16,764.166,272916483.0,10.0,-2330.4,59.14,0.0,4.85,0.01,36.0
2026-09-30,PRIMEINSUR,Insurance,A,408.77,2133.805,40877498.0,10.0,521.6,31.75,0.0,12.74,0.0,55.51
2026-09-30,PRIMELIFE,Insurance,B,305.2,1175.029,30520230.0,10.0,0.0,36.08,0.0,32.48,0.17,31.27
2026-09-30,PRIMETEX,Textile,Z,382.0,553.9,38200000.0,10.0,1712.4,50.0,0.0,5.6,0.25,44.15
2026-09-30,PROGRESLIF,Insurance,Z,166.43,594.161,16643166.0,10.0,0.0,38.82,0.0,9.7,0.0,51.48
2026-09-30,PROVATIINS,Insurance,A,403.12,2188.954,40312237.0,10.0,501.7,30.35,0.0,14.16,0.0,55.49
2026-09-30,PTL,Textile,A,1791.17,14472.644,179116886.0,10.0,5529.5,60.95,0.0,14.95,4.43,19.67
2026-09-30,PUBALIBANK,Bank,A,15617.22,59501.602,1561721842.0,10.0,55078.2,31.87,0.0,23.89,0.05,44.19
2026-09-30,PURABIGEN,Insurance,A,598.13,1734.563,59812506.0,10.0,72.7,31.58,0.0,23.78,0.02,44.62
2026-09-30,QUASEMIND,Engineering,A,799.99,3119.969,79999195.0,10.0,1115.7,30.0,0.0,18.04,0.0,51.96
2026-09-30,QUEENSOUTH,Textile,B,1526.01,2151.68,152601439.0,10.0,887.6,51.57,0.0,6.51,1.06,40.86
2026-09-30,RAHIMAFOOD,Food & Allied,Z,200.0,1442.014,20000200.0,10.0,-11.4,35.95,0.0,6.42,0.0,57.63
2026-09-30,RAHIMTEXT,Textile,A,94.6,1704.635,9459683.0,10.0,149.7,70.94,0.0,7.17,0.0,21.89
2026-09-30,RAKCERAMIC,Ceramics Sector,A,4279.69,11255.577,427968701.0,10.0,795.0,72.08,0.0,17.25,0.04,10.63
2026-09-30,RANFOUNDRY,Engineering,A,100.0,1483.0,10000000.0,10.0,251.0,49.89,0.0,30.14,0.0,19.97
2026-09-30,RDFOOD,Food & Allied,B,759.74,1717.011,75973956.0,10.0,395.0,33.42,0.0,8.64,0.0,57.94
2026-09-30,RECKITTBEN,Pharmaceuticals & Chemicals,A,47.25,15397.358,4725000.0,10.0,853.2,82.96,3.78,6.8,0.0,6.46
2026-09-30,REGENTTEX,Textile,Z,1286.12,758.812,128612137.0,10.0,1400.5,54.55,0.0,4.61,0.0,40.84
2026-09-30,RELIANCE1,Mutual Funds,A,605.0,792.55,60500000.0,10.0,28.5,20.0,0.0,33.8,0.0,46.2
2026-09-30,RELIANCINS,Insurance,A,1051.61,11336.365,105161087.0,10.0,7251.1,67.95,0.0,9.91,0.0,22.14
2026-09-30,RENATA,Pharmaceuticals & Chemicals,A,1146.96,51326.679,114696490.0,10.0,33914.5,51.29,0.0,23.21,17.58,7.92
2026-09-30,RENWICKJA,Engineering,Z,20.0,1432.8,2000000.0,10.0,-231.2,0.0,51.0,14.05,0.0,34.95
2026-09-30,REPUBLIC,Insurance,A,547.04,2138.932,54704156.0,10.0,530.6,41.71,0.0,18.24,0.0,40.05
2026-09-30,RINGSHINE,Textile,Z,5003.13,1851.158,500313043.0,10.0,-9021.7,36.46,0.0,4.56,0.01,58.97
2026-09-30,ROBI,Telecommunication,A,52379.3,156614.194,5237932895.0,10.0,17645.0,90.0,0.0,3.01,0.0,6.99
2026-09-30,RSRMSTEEL,Engineering,Z,1011.89,667.848,101189088.0,10.0,2785.1,29.93,0.0,34.02,0.0,36.05
2026-09-30,RUNNERAUTO,Engineering,A,1135.4,5075.235,113539932.0,10.0,4406.8,34.19,0.0,36.69,0.0,29.12
2026-09-30,RUPALIBANK,Bank,Z,9412.62,15813.207,941262318.0,10.0,5406.7,0.0,94.91,1.66,0.0,3.43
2026-09-30,RUPALIINS,Insurance,A,804.99,2302.262,80498681.0,10.0,790.9,46.35,0.0,17.89,0.0,35.76
2026-09-30,RUPALILIFE,Insurance,A,300.14,2365.122,30014236.0,10.0,0.0,31.03,0.0,21.03,0.0,47.94
2026-09-30,SAFKOSPINN,Textile,Z,299.82,608.629,29981716.0,10.0,-434.8,30.0,0.0,4.76,0.0,65.24
2026-09-30,SAIFPOWER,Services & Real Estate,Z,3793.39,2920.908,379338647.0,10.0,1681.4,40.06,0.0,18.44,0.0,41.5
2026-09-30,SAIHAMCOT,Textile,B,1487.75,3570.6,148775000.0,10.0,3452.7,42.4,0.0,17.55,0.0,40.05
2026-09-30,SAIHAMTEX,Textile,B,905.63,3667.781,90562500.0,10.0,2330.6,34.2,0.0,23.73,0.0,42.07
2026-09-30,SALAMCRST,Engineering,Z,983.71,1190.29,98371100.0,10.0,407.0,48.5,0.0,24.42,0.0,27.08
2026-09-30,SALVO,Pharmaceuticals & Chemicals,B,650.23,1983.195,65022793.0,10.0,430.3,30.15,0.0,4.57,0.0,65.28
2026-09-30,SAMATALETH,Tannery Industries,B,103.2,845.208,10320000.0,10.0,44.9,33.87,0.0,3.96,0.0,62.17
2026-09-30,SAMORITA,Services & Real Estate,B,218.01,2036.204,21800897.0,10.0,837.0,44.6,0.0,18.09,0.01,37.3
2026-09-30,SANDHANINS,Insurance,A,1096.99,2665.677,109698633.0,10.0,0.0,31.67,0.0,16.47,0.0,51.86
2026-09-30,SAPORTL,Services & Real Estate,A,2369.0,14354.148,236867123.0,10.0,5871.2,62.68,0.0,11.04,0.02,26.26
2026-09-30,SAVAREFR,Miscellaneous,Z,13.93,300.148,1392800.0,10.0,112.3,50.68,0.0,7.18,0.0,42.14
2026-09-30,SBACBANK,Bank,Z,8241.92,5439.665,824191650.0,10.0,2972.8,70.23,0.0,15.11,0.0,14.66
2026-09-30,SEAPEARL,Travel & Leisure,-,1207.5,0.0,120750000.0,10.0,643.8,46.83,0.0,10.83,0.0,42.34
2026-09-30,SEB1PBOND,Corporate Bond,A,500.0,438.0,100000.0,5000.0,0.0,0.0,0.0,0.0,0.0,0.0
2026-09-30,SEMLFBSLGF,Mutual Funds,A,729.45,517.906,72944500.0,10.0,-65.5,14.39,0.0,22.53,0.0,63.08
2026-09-30,SEMLIBBLSF,Mutual Funds,A,1000.0,810.0,100000000.0,10.0,-49.1,50.0,0.0,27.47,0.0,22.53
2026-09-30,SHAHJABANK,Bank,A,11129.68,19365.649,1112968351.0,10.0,14542.8,43.01,0.0,24.57,0.0,32.42
2026-09-30,SHARPIND,Textile,B,3034.52,5674.554,303452109.0,10.0,24.5,36.63,0.0,33.59,0.0,29.78
2026-09-30,SHASHADNIM,Textile,B,1410.36,3793.866,141035910.0,10.0,3192.8,44.4,0.0,25.07,0.21,30.32
2026-09-30,SHEPHERD,Textile,B,1540.46,1971.795,154046473.0,10.0,524.6,44.99,0.0,22.51,2.47,30.03
2026-09-30,SHURWID,Engineering,Z,573.68,326.996,57367750.0,10.0,127.0,12.01,0.0,9.75,0.0,78.24
2026-09-30,SHYAMPSUG,Food & Allied,Z,50.0,1440.0,5000000.0,10.0,-12233.1,0.0,51.0,6.07,0.0,42.93
2026-09-30,SIBL,Bank,A,11401.55,3420.465,1140155100.0,10.0,9293.0,11.62,0.0,68.54,0.87,18.97
2026-09-30,SICL,Insurance,B,400.0,1472.0,40000000.0,10.0,78.9,50.4,0.0,7.03,0.0,42.57
2026-09-30,SILCOPHL,Pharmaceuticals & Chemicals,B,1038.07,1764.719,103807000.0,10.0,1350.7,35.27,0.0,16.34,0.0,48.39
2026-09-30,SILVAPHL,Pharmaceuticals & Chemicals,B,1365.0,1706.25,136500000.0,10.0,748.0,45.15,0.0,16.18,0.01,38.66
2026-09-30,SIMTEX,Textile,A,795.95,1926.208,79595381.0,10.0,689.1,31.65,0.0,4.32,0.0,64.03
2026-09-30,SINGERBD,Engineering,Z,997.03,7936.346,99702838.0,10.0,-771.8,57.0,0.0,28.8,0.0,14.2
2026-09-30,SINOBANGLA,Miscellaneous,A,302.95,1475.359,30294849.0,10.0,295.6,30.61,0.0,2.65,0.08,66.66
2026-09-30,SIPLC,Insurance,A,400.0,6412.0,40000000.0,10.0,743.3,60.0,0.0,9.21,0.0,30.79
2026-09-30,SJIBLPBOND,Corporate Bond,A,500.0,470.0,100000.0,5000.0,0.0,0.0,0.0,0.0,0.0,0.0
2026-09-30,SKTRIMS,Miscellaneous,Z,847.0,1067.22,84700000.0,10.0,491.9,31.23,0.0,26.34,0.0,42.43
2026-09-30,SONALIANSH,Jute,A,108.48,2402.832,10848000.0,10.0,274.4,31.02,0.0,9.94,0.0,59.04
2026-09-30,SONALILIFE,Insurance,A,475.0,4089.75,47500000.0,10.0,0.0,54.85,0.0,3.99,0.0,41.16
2026-09-30,SONALIPAPR,Paper & Printing,A,329.45,7231.469,32945188.0,10.0,5201.9,67.51,0.0,6.27,0.0,26.22
2026-09-30,SONARBAINS,Insurance,A,441.46,1651.049,44145692.0,10.0,400.2,36.85,0.0,11.81,0.0,51.34
2026-09-30,SONARGAON,Textile,B,264.67,2887.556,26467056.0,10.0,166.5,44.45,0.0,22.29,0.01,33.25
2026-09-30,SOUTHEASTB,Bank,A,14310.14,16456.663,1431014135.0,10.0,20108.7,31.12,0.0,38.25,1.22,29.41
2026-09-30,SPCERAMICS,Ceramics Sector,B,1469.66,3453.702,146966055.0,10.0,3119.3,50.0,0.0,5.88,0.0,44.12
2026-09-30,SPCL,Fuel & Power,A,1866.32,9331.581,186631629.0,10.0,4545.5,53.38,0.0,17.33,0.0,29.29
2026-09-30,SQUARETEXT,Textile,A,1972.52,9606.172,197252000.0,10.0,9046.1,61.83,0.0,24.02,2.75,11.4
2026-09-30,SQURPHARMA,Pharmaceuticals & Chemicals,A,8864.51,192714.45,886451010.0,10.0,129050.4,44.15,0.0,13.9,14.33,27.62
2026-09-30,SSSTEEL,Engineering,Z,3286.33,1938.936,328633200.0,10.0,4559.2,30.94,0.0,6.23,0.0,62.83
2026-09-30,STANCERAM,Ceramics Sector,Z,64.61,427.049,6460650.0,10.0,-323.8,28.24,0.0,4.63,0.0,67.13
2026-09-30,STANDARINS,Insurance,A,432.97,2273.071,43296592.0,10.0,526.2,64.28,0.0,10.35,0.0,25.37
2026-09-30,STANDBANKL,Bank,Z,11158.42,4909.706,1115842308.0,10.0,7739.0,33.53,0.0,30.05,0.0,36.42
2026-09-30,STYLECRAFT,Textile,Z,138.85,734.503,13884750.0,10.0,-74.7,32.03,0.0,7.11,0.0,60.86
2026-09-30,SUMITPOWER,Fuel & Power,A,10679.0,16445.309,1067877239.0,10.0,41604.1,63.19,0.0,17.95,3.65,15.21
2026-09-30,SUNLIFEINS,Insurance,B,357.61,2031.207,35760690.0,10.0,0.0,35.66,0.0,13.29,0.0,51.05
2026-09-30,TAKAFULINS,Insurance,A,425.87,2286.921,42586977.0,10.0,368.5,49.52,0.0,15.93,0.05,34.5
2026-09-30,TALLUSPIN,Textile,Z,893.35,589.613,89335375.0,10.0,298.7,29.61,0.0,14.05,0.35,55.99
2026-09-30,TAMIJTEX,Textile,A,330.71,3664.294,33071243.0,10.0,2759.6,61.23,0.0,1.56,0.0,37.21
2026-09-30,TECHNODRUG,Pharmaceuticals & Chemicals,A,1319.98,5240.328,131998188.0,10.0,2716.0,62.71,0.0,4.73,0.0,32.56
2026-09-30,TILIL,Insurance,B,400.0,1868.0,40000000.0,10.0,0.0,53.38,0.0,2.73,0.0,43.89
2026-09-30,TITASGAS,Fuel & Power,B,9892.22,17608.149,989221831.0,10.0,75747.3,0.0,75.0,15.16,0.03,9.81
2026-09-30,TOSRIFA,Textile,B,679.85,1339.307,67985119.0,10.0,1030.0,43.02,0.0,22.41,0.0,34.57
2026-09-30,TRUSTB1MF,Mutual Funds,A,3035.86,1153.629,303586675.0,10.0,-558.5,1.51,0.0,32.65,0.0,65.84
2026-09-30,TRUSTBANK,Bank,A,10437.83,14091.077,1043783456.0,10.0,17912.8,60.0,0.0,23.37,0.0,16.63
2026-09-30,TUNGHAI,Textile,Z,1066.53,437.277,106653030.0,10.0,-765.7,30.04,0.0,7.58,0.0,62.38
2026-09-30,UCB,Bank,Z,23255.64,20697.518,2325563847.0,10.0,22903.9,10.27,0.81,36.43,0.46,52.03
2026-09-30,UCB2PBOND,Corporate Bond,A,300.0,282.0,60000.0,5000.0,0.0,0.0,0.0,0.0,0.0,0.0
2026-09-30,UNILEVERCL,Food & Allied,A,192.74,38087.98,19274318.0,10.0,2048.8,92.82,0.0,3.45,0.11,3.62
2026-09-30,UNIONBANK,Bank,Z,10362.8,1554.421,1036280448.0,10.0,5411.0,54.49,0.0,13.47,0.01,32.03
2026-09-30,UNIONCAP,Financial Institutions,Z,1725.74,707.553,172573843.0,10.0,-13026.8,28.94,0.0,15.15,0.0,55.91
2026-09-30,UNIONINS,Insurance,A,484.02,2332.989,48402260.0,10.0,447.0,56.98,0.0,12.08,0.0,30.94
2026-09-30,UNIQUEHRL,Travel & Leisure,A,2944.0,12688.64,294400000.0,10.0,18520.7,52.45,0.0,29.36,0.16,18.03
2026-09-30,UNITEDFIN,Financial Institutions,A,1871.15,3143.526,187114614.0,10.0,1474.2,40.13,0.0,14.49,0.0,45.38
2026-09-30,UNITEDINS,Insurance,A,445.0,2807.95,44500000.0,10.0,936.1,59.9,0.0,16.98,0.0,23.12
2026-09-30,UPGDCL,Fuel & Power,A,5796.95,65911.352,579695270.0,10.0,34990.5,90.0,0.0,7.42,0.01,2.57
2026-09-30,USMANIAGL,Miscellaneous,Z,174.11,901.885,17410900.0,10.0,952.8,2.0,51.0,14.39,0.0,32.61
2026-09-30,UTTARABANK,Bank,A,12128.36,24984.423,1212836090.0,10.0,18871.6,30.66,0.0,24.87,0.45,44.02
2026-09-30,UTTARAFIN,Financial Institutions,Z,1314.82,1525.185,131481504.0,10.0,5977.6,44.44,0.0,31.62,7.82,16.12
2026-09-30,VAMLBDMF1,Mutual Funds,A,1043.0,740.672,104320000.0,10.0,-46.7,1.92,0.0,81.13,0.0,16.95
2026-09-30,VAMLRBBF,Mutual Funds,A,1587.45,1301.709,158745000.0,10.0,-257.4,25.2,0.0,68.24,0.0,6.56
2026-09-30,VFSTDL,Textile,B,1055.8,1383.099,105580055.0,10.0,1091.8,30.77,0.0,10.92,0.05,58.26
2026-09-30,WALTONHIL,Engineering,A,3665.43,123708.362,366543294.0,10.0,113769.1,71.09,0.0,1.04,0.03,27.84
2026-09-30,WATACHEM,Pharmaceuticals & Chemicals,A,148.23,1897.295,14822618.0,10.0,725.8,36.41,0.0,35.65,0.0,27.94
2026-09-30,WMSHIPYARD,Engineering,Z,2352.04,2022.752,235203769.0,10.0,952.1,30.01,0.0,15.39,0.0,54.6
2026-09-30,YPL,Engineering,Z,736.99,1555.045,73698817.0,10.0,82.9,30.1,0.0,17.0,0.0,52.9
2026-09-30,ZAHEENSPIN,Textile,Z,1138.28,569.142,113828368.0,10.0,-752.3,31.1,0.0,24.15,0.0,44.75
2026-09-30,ZAHINTEX,Textile,Z,818.29,605.531,81828549.0,10.0,-290.0,36.94,0.0,20.93,0.0,42.13
2026-09-30,ZEALBANGLA,Food & Allied,Z,60.0,1040.4,6000000.0,10.0,-6895.2,0.0,51.0,11.95,0.0,37.05
