date,symbol,horizon,buy,sell,move,direction,conf,verdict,rank
2026-09-30,STANDARINS,short,0.3917,0.2468,0.6385,0.6135,57.0,Buy,1
2026-09-30,PENINSULA,short,0.3899,0.2516,0.6415,0.6078,61.0,Buy,2
2026-09-30,CITYGENINS,short,0.2714,0.1374,0.4088,0.664,58.0,Buy,3
2026-09-30,ISLAMIINS,short,0.413,0.2839,0.6969,0.5926,57.0,Buy,4
2026-09-30,PRAGATILIF,short,0.3752,0.253,0.6282,0.5973,65.0,Buy,5
2026-09-30,CRYSTALINS,short,0.4098,0.2981,0.7079,0.5789,62.0,Lean Buy,6
2026-09-30,NATLIFEINS,short,0.3201,0.211,0.5311,0.6027,60.0,Buy,7
2026-09-30,NORTHRNINS,short,0.3803,0.2721,0.6524,0.583,46.0,Buy,8
2026-09-30,BRACBANK,short,0.2859,0.1883,0.4742,0.6029,68.0,Buy,9
2026-09-30,BGIC,short,0.3583,0.2585,0.6169,0.5809,52.0,Buy,10
2026-09-30,BEXGSUKUK,short,0.2326,0.131,0.3636,0.6398,19.0,Buy,11
2026-09-30,DELTALIFE,short,0.3272,0.2341,0.5612,0.5829,54.0,Buy,12
2026-09-30,CENTRALINS,short,0.3504,0.259,0.6094,0.575,59.0,Lean Buy,13
2026-09-30,JANATAINS,short,0.3643,0.274,0.6383,0.5708,63.0,Lean Buy,14
2026-09-30,PADMALIFE,short,0.3527,0.2583,0.6111,0.5772,42.0,Lean Buy,15
2026-09-30,BNICL,short,0.4194,0.3265,0.7459,0.5623,49.0,Lean Buy,16
2026-09-30,MEGHNALIFE,short,0.3623,0.2744,0.6367,0.5691,61.0,Lean Buy,17
2026-09-30,SHAHJABANK,short,0.2544,0.1663,0.4207,0.6048,59.0,Buy,18
2026-09-30,DGIC,short,0.4198,0.3309,0.7506,0.5592,49.0,Lean Buy,19
2026-09-30,AGRANINS,short,0.3594,0.2718,0.6312,0.5694,51.0,Lean Buy,20
2026-09-30,FAREASTLIF,short,0.3603,0.2758,0.6361,0.5664,35.0,Lean Buy,21
2026-09-30,PRAGATIINS,short,0.3343,0.26,0.5943,0.5624,63.0,Lean Buy,22
2026-09-30,REPUBLIC,short,0.366,0.2924,0.6584,0.5558,65.0,Lean Buy,23
2026-09-30,EIL,short,0.3622,0.2899,0.6521,0.5555,65.0,Lean Buy,24
2026-09-30,ASIAPACINS,short,0.3575,0.2872,0.6446,0.5545,45.0,Lean Buy,25
2026-09-30,PUBALIBANK,short,0.2761,0.2155,0.4916,0.5617,69.0,Lean Buy,26
2026-09-30,CLICL,short,0.3881,0.3256,0.7137,0.5438,55.0,Lean Buy,27
2026-09-30,ARAMIT,short,0.3426,0.2812,0.6238,0.5492,49.0,Lean Buy,28
2026-09-30,PROGRESLIF,short,0.3538,0.291,0.6447,0.5487,40.0,Lean Buy,29
2026-09-30,SANDHANINS,short,0.3462,0.2909,0.6371,0.5434,64.0,Lean Buy,30
2026-09-30,BDTHAI,short,0.3707,0.3121,0.6828,0.5429,45.0,Lean Buy,31
2026-09-30,RUPALIINS,short,0.332,0.2787,0.6108,0.5436,56.0,Lean Buy,32
2026-09-30,UNITEDINS,short,0.3717,0.318,0.6896,0.5389,47.0,Lean Buy,33
2026-09-30,RUPALILIFE,short,0.3531,0.3029,0.656,0.5383,59.0,Lean Buy,34
2026-09-30,RAHIMTEXT,short,0.3346,0.2842,0.6188,0.5407,56.0,Lean Buy,35
2026-09-30,PADMAOIL,short,0.177,0.1262,0.3032,0.5837,52.0,Buy,36
2026-09-30,ASIAINS,short,0.3583,0.3057,0.664,0.5396,39.0,Lean Buy,37
2026-09-30,EASTLAND,short,0.328,0.2798,0.6078,0.5397,50.0,Lean Buy,38
2026-09-30,DOMINAGE,short,0.3629,0.3208,0.6838,0.5308,45.0,Lean Buy,39
2026-09-30,JAMUNAOIL,short,0.1453,0.1046,0.25,0.5813,49.0,Buy,40
2026-09-30,ICICL,short,0.3698,0.3331,0.7029,0.5261,66.0,Lean Buy,41
2026-09-30,SONALILIFE,short,0.3593,0.3224,0.6818,0.5271,64.0,Lean Buy,42
2026-09-30,ACFL,short,0.3217,0.2886,0.6103,0.5271,48.0,Lean Buy,43
2026-09-30,IBNSINA,short,0.1699,0.1416,0.3115,0.5454,58.0,Lean Buy,44
2026-09-30,SONARBAINS,short,0.3403,0.3099,0.6502,0.5234,45.0,Lean Buy,45
2026-09-30,RDFOOD,short,0.3503,0.3201,0.6704,0.5226,44.0,Lean Buy,46
2026-09-30,BESTHLDNG,short,0.3029,0.2725,0.5754,0.5264,41.0,Lean Buy,47
2026-09-30,CITYBANK,short,0.2103,0.1858,0.3961,0.531,66.0,Lean Buy,48
2026-09-30,SEMLIBBLSF,short,0.3212,0.2936,0.6148,0.5225,49.0,Lean Buy,49
2026-09-30,ECABLES,short,0.3483,0.3211,0.6694,0.5203,49.0,Lean Buy,50
2026-09-30,AL-HAJTEX,short,0.3544,0.3298,0.6842,0.518,60.0,Lean Buy,51
2026-09-30,PRIMEINSUR,short,0.3434,0.3165,0.6599,0.5203,46.0,Lean Buy,52
2026-09-30,MJLBD,short,0.1706,0.1443,0.3149,0.5419,48.0,Lean Buy,53
2026-09-30,INTECH,short,0.3267,0.3,0.6267,0.5213,37.0,Lean Buy,54
2026-09-30,TAKAFULINS,short,0.3282,0.3047,0.6329,0.5186,53.0,Lean Buy,55
2026-09-30,PRIMEBANK,short,0.2197,0.1996,0.4194,0.524,61.0,Lean Buy,56
2026-09-30,JMISMDL,short,0.2862,0.264,0.5502,0.5202,46.0,Lean Buy,57
2026-09-30,UNIONINS,short,0.3384,0.3194,0.6577,0.5144,62.0,Lean Buy,58
2026-09-30,BANKASIA,short,0.2431,0.2229,0.466,0.5217,50.0,Lean Buy,59
2026-09-30,MHSML,short,0.3514,0.3337,0.6851,0.5129,60.0,Lean Buy,60
2026-09-30,FEDERALINS,short,0.3173,0.2992,0.6166,0.5147,55.0,Lean Buy,61
2026-09-30,CROWNCEMNT,short,0.3078,0.286,0.5938,0.5183,36.0,Lean Buy,62
2026-09-30,AFCAGRO,short,0.3269,0.3048,0.6317,0.5175,31.0,Lean Buy,63
2026-09-30,DHAKABANK,short,0.2333,0.2193,0.4526,0.5155,63.0,Lean Buy,64
2026-09-30,RAKCERAMIC,short,0.3142,0.2996,0.6137,0.5119,59.0,Lean Buy,65
2026-09-30,BDTHAIFOOD,short,0.3841,0.3676,0.7517,0.511,45.0,Lean Buy,66
2026-09-30,EASTERNINS,short,0.3562,0.3437,0.6998,0.5089,59.0,Lean Buy,67
2026-09-30,GQBALLPEN,short,0.3303,0.3173,0.6476,0.5101,49.0,Lean Buy,68
2026-09-30,OLYMPIC,short,0.1848,0.1737,0.3585,0.5155,55.0,Lean Buy,69
2026-09-30,KOHINOOR,short,0.1623,0.1504,0.3127,0.519,49.0,Lean Buy,70
2026-09-30,FBFIF,short,0.3441,0.3299,0.674,0.5105,33.0,Lean Buy,71
2026-09-30,BBS,short,0.3639,0.3533,0.7172,0.5074,49.0,Lean Buy,72
2026-09-30,HEIDELBCEM,short,0.241,0.2285,0.4695,0.5133,36.0,Lean Buy,73
2026-09-30,PARAMOUNT,short,0.3496,0.3397,0.6893,0.5072,47.0,Lean Buy,74
2026-09-30,VFSTDL,short,0.3678,0.3596,0.7273,0.5056,42.0,Lean Buy,75
2026-09-30,PREBPBOND,short,0.0761,0.0621,0.1382,0.5507,13.0,Lean Buy,76
2026-09-30,WALTONHIL,short,0.1637,0.158,0.3216,0.5089,53.0,Lean Buy,77
2026-09-30,BDWELDING,short,0.3241,0.3133,0.6374,0.5085,27.0,Lean Buy,78
2026-09-30,VAMLBDMF1,short,0.031,0.0189,0.05,0.6211,20.0,Buy,79
2026-09-30,BDSERVICE,short,0.0268,0.0147,0.0415,0.6457,18.0,Buy,80
2026-09-30,DHAKAINS,short,0.3412,0.3338,0.675,0.5055,37.0,Lean Buy,81
2026-09-30,SIBL,short,0.0256,0.0169,0.0425,0.6017,22.0,Buy,82
2026-09-30,GRAMEENS2,short,0.3252,0.3231,0.6483,0.5017,54.0,Lean Buy,83
2026-09-30,ANLIMAYARN,short,0.3556,0.3496,0.7052,0.5042,34.0,Lean Buy,84
2026-09-30,GIB,short,0.0221,0.0129,0.035,0.6321,17.0,Buy,85
2026-09-30,SQUARETEXT,short,0.2298,0.2254,0.4553,0.5048,41.0,Lean Buy,86
2026-09-30,SUMITPOWER,short,0.2564,0.255,0.5114,0.5013,55.0,Lean Buy,87
2026-09-30,CBLPBOND,short,0.0244,0.0153,0.0397,0.6151,16.0,Buy,88
2026-09-30,MTBPBOND,short,0.0245,0.0157,0.0402,0.609,16.0,Buy,89
2026-09-30,ABBLPBOND,short,0.0311,0.023,0.0541,0.5745,19.0,Lean Buy,90
2026-09-30,SILCOPHL,short,0.3334,0.3294,0.6627,0.503,38.0,Lean Buy,91
2026-09-30,UCB2PBOND,short,0.0235,0.0152,0.0387,0.6064,16.0,Buy,92
2026-09-30,MBPLCPBOND,short,0.0233,0.0151,0.0384,0.607,16.0,Buy,93
2026-09-30,LHBL,short,0.0164,0.0088,0.0252,0.6515,18.0,Buy,94
2026-09-30,DEBARACEM,short,0.0182,0.0106,0.0288,0.6312,17.0,Buy,95
2026-09-30,FIRSTSBANK,short,0.0211,0.0141,0.0352,0.5994,19.0,Buy,96
2026-09-30,RECKITTBEN,short,0.1038,0.1007,0.2044,0.5077,38.0,Lean Buy,97
2026-09-30,DEBBXDENIM,short,0.016,0.0097,0.0257,0.6233,17.0,Buy,98
2026-09-30,DEBBXTEX,short,0.016,0.0097,0.0257,0.6233,17.0,Buy,99
2026-09-30,DEBBDWELD,short,0.016,0.0097,0.0257,0.6234,17.0,Buy,100
2026-09-30,BXPHARMA,short,0.2126,0.216,0.4286,0.4961,65.0,Lean Sell,101
2026-09-30,TAMIJTEX,short,0.3257,0.326,0.6517,0.4998,49.0,Lean Sell,102
2026-09-30,EXIMBANK,short,0.022,0.0157,0.0376,0.5837,16.0,Buy,103
2026-09-30,SLIPLC,short,0.0204,0.0131,0.0335,0.6083,11.0,Buy,104
2026-09-30,SEMLLECMF,short,0.0196,0.0134,0.033,0.5948,16.0,Buy,105
2026-09-30,UNIONBANK,short,0.0204,0.0141,0.0345,0.5913,15.0,Buy,106
2026-09-30,ACI,short,0.211,0.2122,0.4233,0.4986,52.0,Lean Sell,107
2026-09-30,SALVOCHEM,short,0.0175,0.0127,0.0302,0.5779,22.0,Lean Buy,108
2026-09-30,RNSPIN,short,0.0139,0.0083,0.0222,0.6275,17.0,Buy,109
2026-09-30,ESQUIRENIT,short,0.298,0.2999,0.5979,0.4984,53.0,Lean Sell,110
2026-09-30,DEBBDLUGG,short,0.013,0.0077,0.0207,0.6268,17.0,Buy,111
2026-09-30,DEBBDZIPP,short,0.013,0.0077,0.0207,0.6268,17.0,Buy,112
2026-09-30,DEBBXFISH,short,0.013,0.0077,0.0207,0.6268,17.0,Buy,113
2026-09-30,DEBBXKNI,short,0.013,0.0077,0.0207,0.6268,17.0,Buy,114
2026-09-30,GOLDENSON,short,0.3684,0.3662,0.7346,0.5015,32.0,Lean Buy,115
2026-09-30,LHB,short,0.2553,0.2605,0.5158,0.495,68.0,Lean Sell,116
2026-09-30,ATCSLGF,short,0.0157,0.011,0.0267,0.5893,16.0,Buy,117
2026-09-30,SAVAREFR,short,0.0164,0.0115,0.0278,0.5886,15.0,Buy,118
2026-09-30,PAPERPROC,short,0.0158,0.0116,0.0274,0.5772,15.0,Lean Buy,119
2026-09-30,BANKASI1PB,short,0.0205,0.0165,0.0369,0.5537,13.0,Lean Buy,120
2026-09-30,PURABIGEN,short,0.3271,0.3286,0.6557,0.4988,40.0,Lean Sell,121
2026-09-30,POPULARLIF,short,0.3186,0.3215,0.6401,0.4977,46.0,Lean Sell,122
2026-09-30,IBBL2PBOND,short,0.1253,0.122,0.2473,0.5068,14.0,Lean Buy,123
2026-09-30,AIBLPBOND,short,0.1429,0.1401,0.283,0.5049,11.0,Lean Buy,124
2026-09-30,GP,short,0.1425,0.1483,0.2908,0.4901,53.0,Lean Sell,125
2026-09-30,SQURPHARMA,short,0.1514,0.1602,0.3116,0.4859,63.0,Lean Sell,126
2026-09-30,WATACHEM,short,0.2897,0.2964,0.5861,0.4943,51.0,Lean Sell,127
2026-09-30,ILFSL,short,0.0259,0.0256,0.0515,0.5027,16.0,Lean Buy,128
2026-09-30,ROBI,short,0.1848,0.1943,0.3791,0.4875,62.0,Lean Sell,129
2026-09-30,USMANIAGL,short,0.3499,0.3537,0.7036,0.4974,29.0,Lean Sell,130
2026-09-30,RAHIMAFOOD,short,0.3107,0.3157,0.6264,0.496,34.0,Lean Sell,131
2026-09-30,RENATA,short,0.2187,0.2281,0.4468,0.4896,55.0,Lean Sell,132
2026-09-30,FAREASTFIN,short,0.027,0.0288,0.0558,0.4838,17.0,Lean Sell,133
2026-09-30,MPETROLEUM,short,0.0948,0.1003,0.195,0.4859,34.0,Lean Sell,134
2026-09-30,IPDC,short,0.3433,0.356,0.6994,0.4909,69.0,Lean Sell,135
2026-09-30,SUNLIFEINS,short,0.3556,0.3633,0.719,0.4946,43.0,Lean Sell,136
2026-09-30,DBLPBOND,short,0.0403,0.0417,0.082,0.4911,11.0,Lean Sell,137
2026-09-30,ASIATICLAB,short,0.3174,0.3276,0.645,0.4921,50.0,Lean Sell,138
2026-09-30,NHFIL,short,0.3081,0.3178,0.6259,0.4922,47.0,Lean Sell,139
2026-09-30,FASFIN,short,0.0319,0.0365,0.0684,0.4659,18.0,Lean Sell,140
2026-09-30,ADNTEL,short,0.2956,0.3089,0.6045,0.4891,56.0,Lean Sell,141
2026-09-30,PROVATIINS,short,0.3204,0.3323,0.6527,0.4909,48.0,Lean Sell,142
2026-09-30,SJIBLPBOND,short,0.1475,0.1527,0.3001,0.4913,15.0,Lean Sell,143
2026-09-30,CONFIDCEM,short,0.316,0.3313,0.6473,0.4882,58.0,Lean Sell,144
2026-09-30,SILVAPHL,short,0.3446,0.3585,0.7032,0.4901,44.0,Lean Sell,145
2026-09-30,VAMLRBBF,short,0.306,0.3209,0.6269,0.4881,44.0,Lean Sell,146
2026-09-30,DESHBANDHU,short,0.3472,0.3634,0.7107,0.4886,50.0,Lean Sell,147
2026-09-30,KBPPWBIL,short,0.3373,0.3562,0.6935,0.4863,63.0,Lean Sell,148
2026-09-30,BERGERPBL,short,0.132,0.1484,0.2804,0.4707,47.0,Lean Sell,149
2026-09-30,DUTCHBANGL,short,0.2192,0.2381,0.4573,0.4793,51.0,Lean Sell,150
2026-09-30,NFML,short,0.3569,0.3751,0.7319,0.4876,47.0,Lean Sell,151
2026-09-30,ACMELAB,short,0.1896,0.2099,0.3995,0.4745,57.0,Lean Sell,152
2026-09-30,UPGDCL,short,0.2252,0.2443,0.4694,0.4796,49.0,Lean Sell,153
2026-09-30,MARICO,short,0.0921,0.1123,0.2044,0.4507,52.0,Lean Sell,154
2026-09-30,RANFOUNDRY,short,0.2555,0.2764,0.532,0.4803,51.0,Lean Sell,155
2026-09-30,TILIL,short,0.3375,0.3573,0.6948,0.4857,45.0,Lean Sell,156
2026-09-30,UTTARABANK,short,0.1163,0.1404,0.2567,0.4531,66.0,Lean Sell,157
2026-09-30,HFL,short,0.3565,0.3735,0.73,0.4883,29.0,Lean Sell,158
2026-09-30,ABB1STMF,short,0.354,0.3738,0.7278,0.4864,42.0,Lean Sell,159
2026-09-30,APSCLBOND,short,0.2126,0.2277,0.4403,0.4828,15.0,Lean Sell,160
2026-09-30,UNILEVERCL,short,0.0873,0.1082,0.1955,0.4465,40.0,Lean Sell,161
2026-09-30,PHENIXINS,short,0.3261,0.3497,0.6758,0.4826,48.0,Lean Sell,162
2026-09-30,BATASHOE,short,0.1406,0.1606,0.3012,0.4668,30.0,Lean Sell,163
2026-09-30,MAGURAPLEX,short,0.2778,0.3031,0.5809,0.4782,55.0,Lean Sell,164
2026-09-30,LINDEBD,short,0.1731,0.199,0.3721,0.4653,54.0,Lean Sell,165
2026-09-30,NAVANAPHAR,short,0.2902,0.3182,0.6084,0.477,62.0,Lean Sell,166
2026-09-30,IFIC1STMF,short,0.3467,0.3704,0.7171,0.4834,40.0,Lean Sell,167
2026-09-30,CONTININS,short,0.3293,0.3551,0.6844,0.4812,46.0,Lean Sell,168
2026-09-30,NITOLINS,short,0.3385,0.3654,0.7039,0.4809,46.0,Lean Sell,169
2026-09-30,BSCPLC,short,0.1764,0.2062,0.3826,0.461,55.0,Lean Sell,170
2026-09-30,NCCBANK,short,0.2443,0.2758,0.5201,0.4698,62.0,Lean Sell,171
2026-09-30,SPCERAMICS,short,0.3455,0.3722,0.7178,0.4814,38.0,Lean Sell,172
2026-09-30,MTB,short,0.2368,0.2668,0.5037,0.4702,52.0,Lean Sell,173
2026-09-30,SBACBANK,short,0.2756,0.3044,0.58,0.4752,43.0,Lean Sell,174
2026-09-30,CAPMBDBLMF,short,0.1352,0.1676,0.3028,0.4464,59.0,Lean Sell,175
2026-09-30,POPULAR1MF,short,0.3396,0.368,0.7076,0.4799,34.0,Lean Sell,176
2026-09-30,HWAWELLTEX,short,0.2975,0.3287,0.6263,0.4751,47.0,Lean Sell,177
2026-09-30,PHOENIXFIN,short,0.3449,0.3739,0.7188,0.4798,34.0,Lean Sell,178
2026-09-30,SEB1PBOND,short,0.1684,0.1932,0.3617,0.4658,12.0,Lean Sell,179
2026-09-30,PBLPBOND,short,0.1715,0.1966,0.3681,0.4659,12.0,Lean Sell,180
2026-09-30,FINEFOODS,short,0.3031,0.3362,0.6393,0.4742,50.0,Lean Sell,181
2026-09-30,EPGL,short,0.3068,0.3391,0.646,0.475,44.0,Lean Sell,182
2026-09-30,GREENDELT,short,0.3062,0.3405,0.6467,0.4735,54.0,Lean Sell,183
2026-09-30,GLOBALINS,short,0.3114,0.3485,0.6599,0.4719,64.0,Lean Sell,184
2026-09-30,NTLTUBES,short,0.2952,0.3276,0.6228,0.474,40.0,Lean Sell,185
2026-09-30,PHPMF1,short,0.3419,0.3742,0.7161,0.4775,38.0,Lean Sell,186
2026-09-30,BEACONPHAR,short,0.2215,0.2579,0.4794,0.4621,58.0,Lean Sell,187
2026-09-30,QUASEMIND,short,0.2761,0.3101,0.5863,0.471,46.0,Lean Sell,188
2026-09-30,CAPMIBBLMF,short,0.3592,0.3934,0.7526,0.4773,43.0,Lean Sell,189
2026-09-30,COPPERTECH,short,0.3252,0.3599,0.685,0.4747,45.0,Lean Sell,190
2026-09-30,APEXFOODS,short,0.2844,0.3213,0.6056,0.4695,54.0,Lean Sell,191
2026-09-30,FUWANGCER,short,0.3282,0.3652,0.6935,0.4733,51.0,Lean Sell,192
2026-09-30,PTL,short,0.3001,0.3396,0.6397,0.4691,63.0,Lean Sell,193
2026-09-30,ETL,short,0.3466,0.387,0.7336,0.4724,66.0,Lean Sell,194
2026-09-30,MIRAKHTER,short,0.3199,0.3593,0.6792,0.471,59.0,Lean Sell,195
2026-09-30,BBSCABLES,short,0.3284,0.3658,0.6942,0.473,46.0,Lean Sell,196
2026-09-30,BDCOM,short,0.2757,0.3173,0.593,0.4649,62.0,Lean Sell,197
2026-09-30,SONALIPAPR,short,0.2757,0.319,0.5947,0.4635,68.0,Lean Sell,198
2026-09-30,SEMLFBSLGF,short,0.3036,0.3435,0.6471,0.4692,44.0,Lean Sell,199
2026-09-30,TITASGAS,short,0.2602,0.3038,0.564,0.4613,57.0,Lean Sell,200
2026-09-30,HRTEX,short,0.3053,0.3451,0.6504,0.4694,36.0,Lean Sell,201
2026-09-30,ZAHINTEX,short,0.3306,0.3689,0.6995,0.4726,23.0,Lean Sell,202
2026-09-30,AMCL(PRAN),short,0.2356,0.2788,0.5144,0.458,45.0,Lean Sell,203
2026-09-30,AMBEEPHA,short,0.1923,0.2331,0.4254,0.4521,32.0,Lean Sell,204
2026-09-30,KDSALTD,short,0.2822,0.3284,0.6106,0.4622,57.0,Lean Sell,205
2026-09-30,ICB,short,0.2693,0.3141,0.5834,0.4616,48.0,Lean Sell,206
2026-09-30,1STPRIMFMF,short,0.3619,0.4054,0.7673,0.4717,41.0,Lean Sell,207
2026-09-30,1JANATAMF,short,0.3394,0.3826,0.722,0.4701,39.0,Lean Sell,208
2026-09-30,SINGERBD,short,0.3038,0.3499,0.6537,0.4647,53.0,Lean Sell,209
2026-09-30,SICL,short,0.318,0.3628,0.6808,0.4671,45.0,Lean Sell,210
2026-09-30,NBL,short,0.3064,0.3489,0.6553,0.4676,30.0,Lean Sell,211
2026-09-30,SHEPHERD,short,0.3282,0.3761,0.7042,0.466,57.0,Lean Sell,212
2026-09-30,JAMUNABANK,short,0.1945,0.2459,0.4404,0.4416,72.0,Lean Sell,213
2026-09-30,MONOSPOOL,short,0.2614,0.3133,0.5747,0.4548,69.0,Lean Sell,214
2026-09-30,IFADAUTOS,short,0.2958,0.3452,0.641,0.4614,56.0,Lean Sell,215
2026-09-30,BSRMLTD,short,0.2445,0.296,0.5405,0.4524,62.0,Lean Sell,216
2026-09-30,LRBDL,short,0.3185,0.3632,0.6817,0.4672,27.0,Lean Sell,217
2026-09-30,MEGCONMILK,short,0.3324,0.3789,0.7113,0.4673,36.0,Lean Sell,218
2026-09-30,AIL,short,0.3122,0.362,0.6742,0.4631,52.0,Lean Sell,219
2026-09-30,ANWARGALV,short,0.3186,0.368,0.6866,0.464,50.0,Lean Sell,220
2026-09-30,ACIFORMULA,short,0.2951,0.3476,0.6427,0.4591,65.0,Lean Sell,221
2026-09-30,UNIQUEHRL,short,0.2986,0.3514,0.65,0.4594,62.0,Lean Sell,222
2026-09-30,DACCADYE,short,0.303,0.3526,0.6555,0.4622,45.0,Lean Sell,223
2026-09-30,MERCINS,short,0.3317,0.3834,0.7151,0.4639,42.0,Lean Sell,224
2026-09-30,PRIMELIFE,short,0.3103,0.3646,0.6749,0.4598,48.0,Lean Sell,225
2026-09-30,EASTRNLUB,short,0.25,0.3077,0.5577,0.4483,63.0,Lean Sell,226
2026-09-30,SOUTHEASTB,short,0.2485,0.3084,0.5569,0.4462,71.0,Lean Sell,227
2026-09-30,BSRMSTEEL,short,0.275,0.332,0.6071,0.453,56.0,Lean Sell,228
2026-09-30,RUNNERAUTO,short,0.3131,0.3727,0.6858,0.4565,66.0,Lean Sell,229
2026-09-30,GHAIL,short,0.3097,0.3667,0.6764,0.4579,42.0,Lean Sell,230
2026-09-30,QUEENSOUTH,short,0.3339,0.3933,0.7272,0.4591,47.0,Lean Sell,231
2026-09-30,ACTIVEFINE,short,0.2651,0.3249,0.59,0.4493,48.0,Lean Sell,232
2026-09-30,JHRML,short,0.2988,0.3591,0.6579,0.4541,44.0,Lean Sell,233
2026-09-30,SAPORTL,short,0.2619,0.3259,0.5878,0.4455,61.0,Lean Sell,234
2026-09-30,RSRMSTEEL,short,0.301,0.3597,0.6607,0.4556,31.0,Lean Sell,235
2026-09-30,MEGHNAINS,short,0.2913,0.3581,0.6495,0.4486,65.0,Lean Sell,236
2026-09-30,SSSTEEL,short,0.2784,0.3409,0.6193,0.4496,42.0,Lean Sell,237
2026-09-30,SHURWID,short,0.272,0.3324,0.6044,0.45,29.0,Lean Sell,238
2026-09-30,PEOPLESINS,short,0.299,0.3666,0.6656,0.4492,65.0,Lean Sell,239
2026-09-30,KARNAPHULI,short,0.3028,0.3733,0.6761,0.4478,74.0,Lean Sell,240
2026-09-30,SINOBANGLA,short,0.2539,0.3231,0.577,0.4401,67.0,Lean Sell,241
2026-09-30,ISLAMIBANK,short,0.2146,0.2772,0.4918,0.4364,30.0,Lean Sell,242
2026-09-30,ICBAGRANI1,short,0.3039,0.3677,0.6716,0.4525,36.0,Lean Sell,243
2026-09-30,PREMIERCEM,short,0.3161,0.3849,0.7011,0.4509,59.0,Lean Sell,244
2026-09-30,AMANFEED,short,0.3141,0.3821,0.6962,0.4512,52.0,Lean Sell,245
2026-09-30,ICBEPMF1S1,short,0.3013,0.365,0.6663,0.4522,30.0,Lean Sell,246
2026-09-30,FUWANGFOOD,short,0.2846,0.3561,0.6407,0.4443,58.0,Lean Sell,247
2026-09-30,GHCL,short,0.2966,0.3637,0.6604,0.4492,34.0,Lean Sell,248
2026-09-30,KPCL,short,0.2702,0.34,0.6102,0.4429,45.0,Lean Sell,249
2026-09-30,MONNOAGML,short,0.2437,0.3122,0.5559,0.4385,38.0,Lean Sell,250
2026-09-30,NEWLINE,short,0.2805,0.3479,0.6284,0.4464,31.0,Lean Sell,251
2026-09-30,GPHISPAT,short,0.2992,0.373,0.6722,0.4451,63.0,Lean Sell,252
2026-09-30,PIONEERINS,short,0.2892,0.3647,0.6539,0.4422,61.0,Lean Sell,253
2026-09-30,IDLC,short,0.2157,0.2931,0.5088,0.4239,65.0,Lean Sell,254
2026-09-30,BSC,short,0.2036,0.2838,0.4874,0.4177,75.0,Sell,255
2026-09-30,ADVENT,short,0.2596,0.3363,0.5959,0.4356,51.0,Lean Sell,256
2026-09-30,NRBBANK,short,0.235,0.3121,0.5471,0.4296,47.0,Lean Sell,257
2026-09-30,TALLUSPIN,short,0.3,0.3742,0.6742,0.445,29.0,Lean Sell,258
2026-09-30,EBL,short,0.1947,0.275,0.4698,0.4146,58.0,Sell,259
2026-09-30,SALAMCRST,short,0.3035,0.3796,0.6831,0.4443,31.0,Lean Sell,260
2026-09-30,SONALIANSH,short,0.3007,0.3819,0.6825,0.4405,52.0,Lean Sell,261
2026-09-30,PHARMAID,short,0.2587,0.3389,0.5976,0.4328,46.0,Lean Sell,262
2026-09-30,PRIMETEX,short,0.2896,0.3681,0.6577,0.4404,36.0,Lean Sell,263
2026-09-30,TRUSTB1MF,short,0.3235,0.4038,0.7273,0.4448,44.0,Lean Sell,264
2026-09-30,BIFC,short,0.3337,0.4112,0.745,0.448,29.0,Lean Sell,265
2026-09-30,ABBANK,short,0.3174,0.3961,0.7135,0.4448,35.0,Lean Sell,266
2026-09-30,NAHEEACP,short,0.3107,0.3905,0.7012,0.4431,40.0,Lean Sell,267
2026-09-30,EBLNRBMF,short,0.3232,0.4042,0.7274,0.4444,40.0,Lean Sell,268
2026-09-30,GLDNJMF,short,0.3121,0.3945,0.7067,0.4417,46.0,Lean Sell,269
2026-09-30,NORTHERN,short,0.2902,0.3719,0.6621,0.4383,37.0,Lean Sell,270
2026-09-30,LRGLOBMF1,short,0.3272,0.4125,0.7397,0.4423,37.0,Lean Sell,271
2026-09-30,DBH1STMF,short,0.2694,0.3583,0.6277,0.4292,51.0,Lean Sell,272
2026-09-30,TECHNODRUG,short,0.2853,0.3771,0.6624,0.4307,65.0,Lean Sell,273
2026-09-30,MATINSPINN,short,0.307,0.3973,0.7043,0.4359,51.0,Lean Sell,274
2026-09-30,APOLOISPAT,short,0.3022,0.3922,0.6944,0.4352,39.0,Lean Sell,275
2026-09-30,AAMRANET,short,0.286,0.3793,0.6653,0.4299,53.0,Lean Sell,276
2026-09-30,CENTRALPHL,short,0.2956,0.3889,0.6845,0.4318,52.0,Lean Sell,277
2026-09-30,OAL,short,0.2722,0.3628,0.6349,0.4286,37.0,Lean Sell,278
2026-09-30,MITHUNKNIT,short,0.2755,0.3664,0.6419,0.4293,37.0,Lean Sell,279
2026-09-30,PLFSL,short,0.3147,0.4059,0.7206,0.4368,38.0,Lean Sell,280
2026-09-30,APEXFOOT,short,0.2373,0.3329,0.5701,0.4162,60.0,Sell,281
2026-09-30,MONNOCERA,short,0.2763,0.3721,0.6484,0.4261,61.0,Lean Sell,282
2026-09-30,HAKKANIPUL,short,0.3034,0.3993,0.7026,0.4318,59.0,Lean Sell,283
2026-09-30,MEGHNACEM,short,0.2778,0.3676,0.6455,0.4304,25.0,Lean Sell,284
2026-09-30,BDLAMPS,short,0.284,0.3782,0.6622,0.4289,46.0,Lean Sell,285
2026-09-30,INDEXAGRO,short,0.2873,0.3838,0.6712,0.4281,57.0,Lean Sell,286
2026-09-30,ARGONDENIM,short,0.2939,0.3903,0.6842,0.4295,56.0,Lean Sell,287
2026-09-30,RUPALIBANK,short,0.2036,0.2978,0.5015,0.4061,44.0,Sell,288
2026-09-30,SPCL,short,0.2319,0.3324,0.5643,0.4109,72.0,Sell,289
2026-09-30,GREENDELMF,short,0.3157,0.4128,0.7285,0.4334,50.0,Lean Sell,290
2026-09-30,RELIANCINS,short,0.2895,0.3879,0.6774,0.4273,56.0,Lean Sell,291
2026-09-30,UCB,short,0.2182,0.3172,0.5355,0.4076,58.0,Sell,292
2026-09-30,TRUSTBANK,short,0.2459,0.3469,0.5927,0.4148,61.0,Sell,293
2026-09-30,DAFODILCOM,short,0.2899,0.3881,0.6781,0.4276,44.0,Lean Sell,294
2026-09-30,ALARABANK,short,0.2627,0.3597,0.6224,0.4221,33.0,Lean Sell,295
2026-09-30,EXIM1STMF,short,0.2975,0.3988,0.6963,0.4272,53.0,Lean Sell,296
2026-09-30,FORTUNE,short,0.3039,0.4042,0.7081,0.4292,43.0,Lean Sell,297
2026-09-30,DESCO,short,0.2315,0.3343,0.5658,0.4091,55.0,Sell,298
2026-09-30,CAPITECGBF,short,0.2893,0.3926,0.6819,0.4243,56.0,Lean Sell,299
2026-09-30,ARAMITCEM,short,0.2843,0.3817,0.666,0.4269,24.0,Lean Sell,300
2026-09-30,SIPLC,short,0.3384,0.4392,0.7777,0.4352,41.0,Lean Sell,301
2026-09-30,ITC,short,0.253,0.3587,0.6117,0.4136,62.0,Sell,302
2026-09-30,POWERGRID,short,0.2151,0.3204,0.5355,0.4017,55.0,Sell,303
2026-09-30,SIMTEX,short,0.2814,0.3878,0.6692,0.4204,56.0,Lean Sell,304
2026-09-30,AGNISYSL,short,0.2819,0.3904,0.6723,0.4193,65.0,Sell,305
2026-09-30,SAIFPOWER,short,0.3055,0.4097,0.7151,0.4271,43.0,Lean Sell,306
2026-09-30,NCCBLMF1,short,0.294,0.3975,0.6915,0.4252,37.0,Lean Sell,307
2026-09-30,MIDLANDBNK,short,0.2563,0.3668,0.6231,0.4114,72.0,Sell,308
2026-09-30,DBH,short,0.2299,0.3392,0.5691,0.404,61.0,Sell,309
2026-09-30,SAIHAMTEX,short,0.3406,0.4486,0.7893,0.4316,53.0,Lean Sell,310
2026-09-30,ZAHEENSPIN,short,0.2966,0.4024,0.6989,0.4243,40.0,Lean Sell,311
2026-09-30,NTC,short,0.2574,0.3637,0.6211,0.4144,42.0,Sell,312
2026-09-30,PDL,short,0.2398,0.3462,0.586,0.4091,42.0,Sell,313
2026-09-30,PF1STMF,short,0.309,0.416,0.7249,0.4262,41.0,Lean Sell,314
2026-09-30,APEXSPINN,short,0.33,0.4394,0.7694,0.4289,50.0,Lean Sell,315
2026-09-30,APEXTANRY,short,0.3028,0.4123,0.7151,0.4234,47.0,Lean Sell,316
2026-09-30,MAKSONSPIN,short,0.2544,0.362,0.6164,0.4127,37.0,Sell,317
2026-09-30,LIBRAINFU,short,0.2188,0.3287,0.5475,0.3997,48.0,Sell,318
2026-09-30,ICB3RDNRB,short,0.3,0.4102,0.7102,0.4224,46.0,Lean Sell,319
2026-09-30,ISNLTD,short,0.3216,0.4323,0.7539,0.4265,47.0,Lean Sell,320
2026-09-30,RINGSHINE,short,0.3122,0.4196,0.7318,0.4266,29.0,Lean Sell,321
2026-09-30,IFIC,short,0.2745,0.3886,0.6631,0.414,58.0,Sell,322
2026-09-30,UNITEDFIN,short,0.2758,0.3925,0.6683,0.4127,60.0,Sell,323
2026-09-30,IBBLPBOND,short,0.2512,0.3606,0.6117,0.4106,21.0,Sell,324
2026-09-30,PREMIERLEA,short,0.3196,0.4346,0.7542,0.4238,40.0,Lean Sell,325
2026-09-30,DOREENPWR,short,0.2811,0.4014,0.6825,0.4118,65.0,Sell,326
2026-09-30,IFILISLMF1,short,0.2748,0.3909,0.6656,0.4128,41.0,Sell,327
2026-09-30,PRIMEFIN,short,0.3128,0.4287,0.7415,0.4218,36.0,Lean Sell,328
2026-09-30,LANKABAFIN,short,0.2655,0.3888,0.6543,0.4058,72.0,Sell,329
2026-09-30,BDAUTOCA,short,0.3005,0.4197,0.7202,0.4172,47.0,Sell,330
2026-09-30,SEAPEARL,short,0.2903,0.4139,0.7042,0.4122,69.0,Sell,331
2026-09-30,STYLECRAFT,short,0.2636,0.3811,0.6447,0.4088,37.0,Sell,332
2026-09-30,BANGAS,short,0.2707,0.3939,0.6646,0.4073,65.0,Sell,333
2026-09-30,BATBC,short,0.1746,0.2995,0.4741,0.3683,72.0,Sell,334
2026-09-30,DSSL,short,0.2882,0.4095,0.6978,0.4131,51.0,Sell,335
2026-09-30,ISLAMICFIN,short,0.2599,0.3786,0.6385,0.407,37.0,Sell,336
2026-09-30,ALIF,short,0.2267,0.3456,0.5723,0.3961,36.0,Sell,337
2026-09-30,EHL,short,0.2245,0.3532,0.5776,0.3886,77.0,Sell,338
2026-09-30,PRIME1ICBA,short,0.3197,0.4424,0.7621,0.4195,43.0,Sell,339
2026-09-30,FEKDIL,short,0.2961,0.4242,0.7204,0.4111,69.0,Sell,340
2026-09-30,EGEN,short,0.2766,0.4051,0.6817,0.4057,71.0,Sell,341
2026-09-30,BPML,short,0.2544,0.38,0.6344,0.401,56.0,Sell,342
2026-09-30,SALVO,short,0.2766,0.4011,0.6776,0.4081,50.0,Sell,343
2026-09-30,KEYACOSMET,short,0.245,0.3704,0.6154,0.3982,49.0,Sell,344
2026-09-30,ORIONINFU,short,0.3136,0.4416,0.7552,0.4153,60.0,Sell,345
2026-09-30,HAMI,short,0.2767,0.4022,0.6789,0.4076,46.0,Sell,346
2026-09-30,ATLASBANG,short,0.2731,0.3947,0.6678,0.4089,25.0,Sell,347
2026-09-30,NURANI,short,0.2869,0.41,0.697,0.4117,31.0,Sell,348
2026-09-30,ZEALBANGLA,short,0.2898,0.4159,0.7057,0.4107,40.0,Sell,349
2026-09-30,KAY&QUE,short,0.2982,0.4281,0.7263,0.4106,53.0,Sell,350
2026-09-30,GENNEXT,short,0.2786,0.4075,0.6861,0.406,44.0,Sell,351
2026-09-30,LOVELLO,short,0.2998,0.4326,0.7323,0.4093,63.0,Sell,352
2026-09-30,SONARGAON,short,0.3107,0.44,0.7507,0.4139,45.0,Sell,353
2026-09-30,JUTESPINN,short,0.238,0.3665,0.6045,0.3937,40.0,Sell,354
2026-09-30,MALEKSPIN,short,0.2777,0.4137,0.6914,0.4017,77.0,Sell,355
2026-09-30,NAVANACNG,short,0.2396,0.3709,0.6104,0.3925,41.0,Sell,356
2026-09-30,AAMRATECH,short,0.2785,0.411,0.6895,0.4039,46.0,Sell,357
2026-09-30,FAMILYTEX,short,0.2819,0.4126,0.6946,0.4059,30.0,Sell,358
2026-09-30,EBL1STMF,short,0.32,0.4522,0.7722,0.4144,37.0,Sell,359
2026-09-30,OIMEX,short,0.263,0.3995,0.6625,0.3969,58.0,Sell,360
2026-09-30,GEMINISEA,short,0.2473,0.3809,0.6282,0.3937,40.0,Sell,361
2026-09-30,FARCHEM,short,0.2987,0.4383,0.7371,0.4053,52.0,Sell,362
2026-09-30,RELIANCE1,short,0.2865,0.4291,0.7157,0.4004,65.0,Sell,363
2026-09-30,AIBL1STIMF,short,0.2596,0.4012,0.6608,0.3928,46.0,Sell,364
2026-09-30,MIDASFIN,short,0.3146,0.4542,0.7688,0.4092,34.0,Sell,365
2026-09-30,STANCERAM,short,0.2609,0.4006,0.6615,0.3944,33.0,Sell,366
2026-09-30,ACMEPL,short,0.2792,0.427,0.7062,0.3954,58.0,Sell,367
2026-09-30,NPOLYMER,short,0.278,0.4277,0.7057,0.3939,61.0,Sell,368
2026-09-30,DSHGARME,short,0.2852,0.4347,0.7198,0.3962,53.0,Sell,369
2026-09-30,UTTARAFIN,short,0.2498,0.3992,0.6489,0.3849,35.0,Sell,370
2026-09-30,CVOPRL,short,0.2521,0.4093,0.6614,0.3812,71.0,Sell,371
2026-09-30,GENEXIL,short,0.27,0.4235,0.6936,0.3893,49.0,Sell,372
2026-09-30,AZIZPIPES,short,0.2746,0.4266,0.7012,0.3916,38.0,Sell,373
2026-09-30,SHYAMPSUG,short,0.2721,0.4286,0.7007,0.3884,41.0,Sell,374
2026-09-30,SAMATALETH,short,0.2934,0.4519,0.7452,0.3937,41.0,Sell,375
2026-09-30,DULAMIACOT,short,0.2983,0.4594,0.7577,0.3937,42.0,Sell,376
2026-09-30,BEACHHATCH,short,0.2522,0.4173,0.6695,0.3768,55.0,Sell,377
2026-09-30,AFTABAUTO,short,0.2338,0.398,0.6318,0.3701,50.0,Sell,378
2026-09-30,MIRACLEIND,short,0.2437,0.4072,0.6509,0.3743,45.0,Sell,379
2026-09-30,PREMIERBAN,short,0.1996,0.365,0.5646,0.3536,50.0,Sell,380
2026-09-30,KPPL,short,0.2681,0.4326,0.7007,0.3826,40.0,Sell,381
2026-09-30,ONEBANKPLC,short,0.2134,0.383,0.5964,0.3578,59.0,Sell,382
2026-09-30,RENWICKJA,short,0.2533,0.4196,0.673,0.3764,41.0,Sell,383
2026-09-30,BPPL,short,0.2648,0.4381,0.7029,0.3767,68.0,Sell,384
2026-09-30,ENVOYTEX,short,0.261,0.4375,0.6985,0.3736,82.0,Sell,385
2026-09-30,SAFKOSPINN,short,0.2522,0.4222,0.6744,0.374,45.0,Sell,386
2026-09-30,WMSHIPYARD,short,0.2396,0.4197,0.6593,0.3634,65.0,Sell,387
2026-09-30,ICBAMCL2ND,short,0.2842,0.4587,0.7429,0.3826,34.0,Sell,388
2026-09-30,BENGALWTL,short,0.2673,0.4492,0.7166,0.373,69.0,Sell,389
2026-09-30,BEXIMCO,short,0.2561,0.4375,0.6936,0.3692,63.0,Sell,390
2026-09-30,IBP,short,0.2848,0.4688,0.7536,0.3779,73.0,Sell,391
2026-09-30,MBL1STMF,short,0.283,0.4646,0.7476,0.3785,58.0,Sell,392
2026-09-30,CNATEX,short,0.2926,0.472,0.7646,0.3827,43.0,Sell,393
2026-09-30,TOSRIFA,short,0.278,0.463,0.741,0.3751,68.0,Sell,394
2026-09-30,ORIONPHARM,short,0.271,0.4564,0.7274,0.3726,64.0,Sell,395
2026-09-30,MERCANBANK,short,0.2324,0.415,0.6474,0.3589,44.0,Sell,396
2026-09-30,MONNOFABR,short,0.2695,0.4596,0.7291,0.3697,76.0,Sell,397
2026-09-30,GBBPOWER,short,0.2773,0.4623,0.7396,0.375,49.0,Sell,398
2026-09-30,METROSPIN,short,0.2452,0.4307,0.6758,0.3628,42.0,Sell,399
2026-09-30,SHASHADNIM,short,0.2417,0.432,0.6738,0.3588,60.0,Sell,400
2026-09-30,LEGACYFOOT,short,0.2473,0.441,0.6882,0.3593,72.0,Sell,401
2026-09-30,BDFINANCE,short,0.2593,0.4501,0.7094,0.3655,38.0,Sell,402
2026-09-30,MLDYEING,short,0.2799,0.4735,0.7534,0.3715,47.0,Sell,403
2026-09-30,KTL,short,0.2652,0.4603,0.7255,0.3656,52.0,Sell,404
2026-09-30,EMERALDOIL,short,0.2723,0.4671,0.7395,0.3683,48.0,Sell,405
2026-09-30,NRBCBANK,short,0.2475,0.4409,0.6885,0.3595,41.0,Sell,406
2026-09-30,DELTASPINN,short,0.2524,0.4501,0.7024,0.3592,54.0,Sell,407
2026-09-30,STANDBANKL,short,0.2587,0.4592,0.7179,0.3603,53.0,Sell,408
2026-09-30,REGENTTEX,short,0.2245,0.4267,0.6512,0.3447,47.0,Sell,409
2026-09-30,MEGHNAPET,short,0.2718,0.4934,0.7652,0.3552,49.0,Sell,410
2026-09-30,SAIHAMCOT,short,0.251,0.4792,0.7303,0.3437,82.0,Sell,411
2026-09-30,UNIONCAP,short,0.267,0.4888,0.7558,0.3532,43.0,Sell,412
2026-09-30,ICBSONALI1,short,0.2598,0.4891,0.7489,0.3469,49.0,Sell,413
2026-09-30,SHARPIND,short,0.2774,0.52,0.7974,0.3479,58.0,Sell,414
2026-09-30,YPL,short,0.2466,0.4948,0.7414,0.3326,53.0,Sell,415
2026-09-30,BARKAPOWER,short,0.2308,0.4859,0.7168,0.3221,51.0,Sell,416
2026-09-30,ALLTEX,short,0.2236,0.4822,0.7058,0.3168,54.0,Sell,417
2026-09-30,BAYLEASING,short,0.2466,0.51,0.7566,0.3259,44.0,Sell,418
2026-09-30,SKTRIMS,short,0.2298,0.4942,0.724,0.3174,41.0,Sell,419
2026-09-30,ICBIBANK,short,0.201,0.4661,0.667,0.3013,33.0,Sell,420
2026-09-30,INTRACO,short,0.2107,0.4852,0.696,0.3028,66.0,Sell,421
2026-09-30,GSPFINANCE,short,0.2362,0.5206,0.7568,0.3121,48.0,Sell,422
2026-09-30,SAMORITA,short,0.2365,0.5242,0.7606,0.3109,61.0,Sell,423
2026-09-30,FIRSTFIN,short,0.2481,0.5339,0.782,0.3173,41.0,Sell,424
2026-09-30,AOL,short,0.2217,0.5132,0.735,0.3017,62.0,Sell,425
2026-09-30,TUNGHAI,short,0.2346,0.5725,0.8071,0.2907,43.0,Sell,426
2026-09-30,NATLIFEINS,long,0.307,0.077,0.384,0.7994,80.0,Strong Buy,1
2026-09-30,PUBALIBANK,long,0.3017,0.0788,0.3805,0.7928,92.0,Strong Buy,2
2026-09-30,ICB,long,0.2969,0.0784,0.3753,0.7911,73.0,Strong Buy,3
2026-09-30,PRIMEBANK,long,0.2855,0.0714,0.3569,0.7998,88.0,Strong Buy,4
2026-09-30,CITYBANK,long,0.2967,0.0861,0.3829,0.775,90.0,Strong Buy,5
2026-09-30,CROWNCEMNT,long,0.2973,0.085,0.3823,0.7777,62.0,Strong Buy,6
2026-09-30,QUASEMIND,long,0.3084,0.1014,0.4097,0.7526,68.0,Strong Buy,7
2026-09-30,ARAMIT,long,0.2976,0.092,0.3896,0.7639,70.0,Strong Buy,8
2026-09-30,ACFL,long,0.2981,0.0948,0.3929,0.7587,71.0,Strong Buy,9
2026-09-30,CITYGENINS,long,0.3173,0.1132,0.4305,0.737,65.0,Strong Buy,10
2026-09-30,WATACHEM,long,0.3049,0.1045,0.4093,0.7448,75.0,Strong Buy,11
2026-09-30,RAHIMTEXT,long,0.2966,0.0972,0.3938,0.7533,77.0,Strong Buy,12
2026-09-30,CLICL,long,0.2882,0.0906,0.3787,0.7608,77.0,Strong Buy,13
2026-09-30,MAGURAPLEX,long,0.3,0.106,0.4059,0.7389,77.0,Strong Buy,14
2026-09-30,CRYSTALINS,long,0.3102,0.117,0.4272,0.7261,76.0,Strong Buy,15
2026-09-30,MEGHNALIFE,long,0.2868,0.0971,0.3839,0.7471,79.0,Strong Buy,16
2026-09-30,EPGL,long,0.2947,0.1023,0.397,0.7422,65.0,Strong Buy,17
2026-09-30,ECABLES,long,0.2897,0.0994,0.3891,0.7445,72.0,Strong Buy,18
2026-09-30,CONFIDCEM,long,0.2883,0.1005,0.3888,0.7415,81.0,Strong Buy,19
2026-09-30,NAVANAPHAR,long,0.2988,0.1113,0.4101,0.7287,82.0,Strong Buy,20
2026-09-30,STANDARINS,long,0.3114,0.122,0.4334,0.7184,68.0,Buy,21
2026-09-30,RAKCERAMIC,long,0.2715,0.0855,0.357,0.7604,84.0,Strong Buy,22
2026-09-30,BXPHARMA,long,0.2778,0.0936,0.3715,0.7479,90.0,Strong Buy,23
2026-09-30,GREENDELT,long,0.288,0.1011,0.389,0.7402,76.0,Strong Buy,24
2026-09-30,PENINSULA,long,0.2946,0.1074,0.4019,0.7329,74.0,Strong Buy,25
2026-09-30,AGRANINS,long,0.3088,0.1205,0.4292,0.7194,66.0,Buy,26
2026-09-30,BANKASIA,long,0.2718,0.0858,0.3576,0.76,73.0,Strong Buy,27
2026-09-30,ESQUIRENIT,long,0.2877,0.1028,0.3905,0.7368,77.0,Strong Buy,28
2026-09-30,JMISMDL,long,0.2793,0.0938,0.3731,0.7487,69.0,Strong Buy,29
2026-09-30,SHAHJABANK,long,0.2722,0.0891,0.3613,0.7534,74.0,Strong Buy,30
2026-09-30,ISLAMIINS,long,0.2899,0.1075,0.3974,0.7295,71.0,Strong Buy,31
2026-09-30,MONNOAGML,long,0.288,0.1025,0.3906,0.7375,55.0,Strong Buy,32
2026-09-30,GOLDENSON,long,0.2929,0.1068,0.3997,0.7328,49.0,Strong Buy,33
2026-09-30,DOREENPWR,long,0.3,0.121,0.4209,0.7127,77.0,Buy,34
2026-09-30,SUMITPOWER,long,0.2747,0.0963,0.3711,0.7404,79.0,Strong Buy,35
2026-09-30,NHFIL,long,0.2721,0.0937,0.3657,0.7439,70.0,Strong Buy,36
2026-09-30,SONARBAINS,long,0.2931,0.1128,0.4059,0.7221,60.0,Strong Buy,37
2026-09-30,BGIC,long,0.2935,0.1146,0.4081,0.7192,65.0,Buy,38
2026-09-30,BBS,long,0.2718,0.0946,0.3664,0.7418,73.0,Strong Buy,39
2026-09-30,BSRMLTD,long,0.264,0.0894,0.3533,0.7471,82.0,Strong Buy,40
2026-09-30,DELTALIFE,long,0.2805,0.1032,0.3837,0.731,68.0,Strong Buy,41
2026-09-30,DESHBANDHU,long,0.2885,0.1121,0.4006,0.7203,71.0,Strong Buy,42
2026-09-30,SQUARETEXT,long,0.283,0.1053,0.3882,0.7288,64.0,Strong Buy,43
2026-09-30,ADNTEL,long,0.2738,0.0998,0.3736,0.7328,78.0,Strong Buy,44
2026-09-30,TAMIJTEX,long,0.2797,0.1047,0.3845,0.7276,72.0,Strong Buy,45
2026-09-30,SILVAPHL,long,0.2818,0.1049,0.3867,0.7287,61.0,Strong Buy,46
2026-09-30,RAHIMAFOOD,long,0.3056,0.1264,0.432,0.7074,49.0,Buy,47
2026-09-30,TITASGAS,long,0.28,0.1068,0.3869,0.7238,76.0,Strong Buy,48
2026-09-30,ATLASBANG,long,0.2919,0.1115,0.4034,0.7235,35.0,Strong Buy,49
2026-09-30,COPPERTECH,long,0.275,0.1008,0.3758,0.7317,60.0,Strong Buy,50
2026-09-30,KDSALTD,long,0.2776,0.1081,0.3856,0.7198,76.0,Buy,51
2026-09-30,NPOLYMER,long,0.2886,0.1187,0.4072,0.7086,71.0,Buy,52
2026-09-30,PURABIGEN,long,0.2845,0.1127,0.3972,0.7163,56.0,Buy,53
2026-09-30,JHRML,long,0.2845,0.1142,0.3987,0.7136,61.0,Buy,54
2026-09-30,MTB,long,0.2603,0.0922,0.3525,0.7384,72.0,Strong Buy,55
2026-09-30,PRAGATIINS,long,0.2743,0.1079,0.3823,0.7176,79.0,Buy,56
2026-09-30,BRACBANK,long,0.2554,0.0908,0.3462,0.7377,81.0,Strong Buy,57
2026-09-30,DHAKAINS,long,0.2895,0.1204,0.4099,0.7062,58.0,Buy,58
2026-09-30,BEACONPHAR,long,0.26,0.095,0.355,0.7323,77.0,Strong Buy,59
2026-09-30,UTTARABANK,long,0.2475,0.0843,0.3318,0.7459,86.0,Strong Buy,60
2026-09-30,DOMINAGE,long,0.3038,0.1353,0.4392,0.6918,57.0,Buy,61
2026-09-30,JANATAINS,long,0.2921,0.1281,0.4202,0.6951,75.0,Buy,62
2026-09-30,GHAIL,long,0.2719,0.105,0.3769,0.7214,60.0,Strong Buy,63
2026-09-30,BSRMSTEEL,long,0.2599,0.0962,0.356,0.7299,75.0,Strong Buy,64
2026-09-30,VFSTDL,long,0.2795,0.1127,0.3921,0.7127,58.0,Buy,65
2026-09-30,ASIAINS,long,0.2906,0.1226,0.4132,0.7033,51.0,Buy,66
2026-09-30,SALAMCRST,long,0.3059,0.136,0.442,0.6923,41.0,Buy,67
2026-09-30,BPML,long,0.2894,0.1247,0.4141,0.6989,66.0,Buy,68
2026-09-30,PRAGATILIF,long,0.2782,0.1168,0.395,0.7044,76.0,Buy,69
2026-09-30,SPCL,long,0.2779,0.1198,0.3977,0.6987,83.0,Buy,70
2026-09-30,DHAKABANK,long,0.2738,0.1168,0.3906,0.701,81.0,Buy,71
2026-09-30,RUPALIINS,long,0.2897,0.131,0.4206,0.6886,70.0,Buy,72
2026-09-30,TOSRIFA,long,0.2721,0.1148,0.3869,0.7033,76.0,Buy,73
2026-09-30,NORTHRNINS,long,0.2836,0.1223,0.4059,0.6987,54.0,Buy,74
2026-09-30,GPHISPAT,long,0.2727,0.1163,0.389,0.701,78.0,Buy,75
2026-09-30,DUTCHBANGL,long,0.2523,0.095,0.3473,0.7265,72.0,Strong Buy,76
2026-09-30,PIONEERINS,long,0.2782,0.1223,0.4006,0.6946,74.0,Buy,77
2026-09-30,QUEENSOUTH,long,0.2735,0.115,0.3885,0.7041,59.0,Buy,78
2026-09-30,RDFOOD,long,0.2758,0.1175,0.3933,0.7012,58.0,Buy,79
2026-09-30,USMANIAGL,long,0.2789,0.1178,0.3967,0.703,44.0,Buy,80
2026-09-30,JAMUNAOIL,long,0.2295,0.0739,0.3034,0.7565,66.0,Strong Buy,81
2026-09-30,NFML,long,0.2804,0.1251,0.4055,0.6914,61.0,Buy,82
2026-09-30,UPGDCL,long,0.2727,0.1186,0.3913,0.6968,67.0,Buy,83
2026-09-30,REPUBLIC,long,0.287,0.1355,0.4225,0.6793,78.0,Buy,84
2026-09-30,PREMIERCEM,long,0.276,0.1239,0.3999,0.6903,73.0,Buy,85
2026-09-30,TILIL,long,0.2769,0.122,0.3988,0.6942,59.0,Buy,86
2026-09-30,PRIMELIFE,long,0.2689,0.1153,0.3841,0.7,64.0,Buy,87
2026-09-30,KAY&QUE,long,0.2742,0.1204,0.3946,0.6949,63.0,Buy,88
2026-09-30,POPULARLIF,long,0.2649,0.1117,0.3766,0.7034,66.0,Buy,89
2026-09-30,FUWANGCER,long,0.2771,0.1241,0.4012,0.6907,67.0,Buy,90
2026-09-30,EASTERNINS,long,0.2669,0.1164,0.3833,0.6963,78.0,Buy,91
2026-09-30,SAIFPOWER,long,0.2541,0.0991,0.3532,0.7195,54.0,Buy,92
2026-09-30,AIL,long,0.3026,0.1501,0.4527,0.6685,65.0,Buy,93
2026-09-30,SANDHANINS,long,0.2652,0.1155,0.3808,0.6966,79.0,Buy,94
2026-09-30,MIRAKHTER,long,0.2732,0.123,0.3962,0.6897,75.0,Buy,95
2026-09-30,BEXGSUKUK,long,0.2367,0.0767,0.3134,0.7552,25.0,Strong Buy,96
2026-09-30,BBSCABLES,long,0.2657,0.1128,0.3785,0.702,59.0,Buy,97
2026-09-30,FINEFOODS,long,0.2932,0.1415,0.4347,0.6745,65.0,Buy,98
2026-09-30,SILCOPHL,long,0.2676,0.1149,0.3825,0.6996,53.0,Buy,99
2026-09-30,RANFOUNDRY,long,0.2361,0.0879,0.324,0.7287,72.0,Strong Buy,100
2026-09-30,EIL,long,0.3039,0.1567,0.4606,0.6599,76.0,Buy,101
2026-09-30,RUPALILIFE,long,0.2666,0.1193,0.3859,0.6908,74.0,Buy,102
2026-09-30,OLYMPIC,long,0.2278,0.0824,0.3102,0.7345,77.0,Strong Buy,103
2026-09-30,UNIQUEHRL,long,0.2596,0.1143,0.3739,0.6942,77.0,Buy,104
2026-09-30,JAMUNABANK,long,0.2431,0.1004,0.3436,0.7077,87.0,Buy,105
2026-09-30,GEMINISEA,long,0.2789,0.1285,0.4074,0.6846,48.0,Buy,106
2026-09-30,MLDYEING,long,0.2801,0.1313,0.4114,0.6809,50.0,Buy,107
2026-09-30,PEOPLESINS,long,0.2765,0.1336,0.41,0.6743,77.0,Buy,108
2026-09-30,CENTRALINS,long,0.2962,0.1515,0.4477,0.6616,67.0,Buy,109
2026-09-30,SINOBANGLA,long,0.2843,0.142,0.4263,0.6669,78.0,Buy,110
2026-09-30,NCCBANK,long,0.2365,0.095,0.3315,0.7136,81.0,Buy,111
2026-09-30,LANKABAFIN,long,0.2676,0.126,0.3936,0.6798,80.0,Buy,112
2026-09-30,INDEXAGRO,long,0.2745,0.1305,0.405,0.6777,68.0,Buy,113
2026-09-30,SAMATALETH,long,0.2713,0.1233,0.3945,0.6876,47.0,Buy,114
2026-09-30,PARAMOUNT,long,0.2823,0.1373,0.4196,0.6729,59.0,Buy,115
2026-09-30,APEXTANRY,long,0.2663,0.1209,0.3873,0.6877,56.0,Buy,116
2026-09-30,HWAWELLTEX,long,0.2749,0.1318,0.4068,0.6759,62.0,Buy,117
2026-09-30,ACMELAB,long,0.2329,0.0927,0.3256,0.7153,76.0,Buy,118
2026-09-30,ISLAMIBANK,long,0.2783,0.1308,0.4091,0.6803,39.0,Buy,119
2026-09-30,MEGHNACEM,long,0.2883,0.1392,0.4275,0.6744,30.0,Buy,120
2026-09-30,RUPALIBANK,long,0.2831,0.1382,0.4213,0.672,51.0,Buy,121
2026-09-30,HEIDELBCEM,long,0.23,0.0863,0.3163,0.7271,57.0,Strong Buy,122
2026-09-30,IFADAUTOS,long,0.2479,0.1075,0.3555,0.6975,72.0,Buy,123
2026-09-30,ACI,long,0.2312,0.0914,0.3226,0.7166,74.0,Buy,124
2026-09-30,SPCERAMICS,long,0.2883,0.1438,0.4321,0.6672,50.0,Buy,125
2026-09-30,OIMEX,long,0.2806,0.1392,0.4198,0.6683,64.0,Buy,126
2026-09-30,NEWLINE,long,0.2734,0.1278,0.4012,0.6814,40.0,Buy,127
2026-09-30,EASTLAND,long,0.2751,0.1346,0.4098,0.6715,63.0,Buy,128
2026-09-30,LHB,long,0.2554,0.1194,0.3748,0.6813,86.0,Buy,129
2026-09-30,AFTABAUTO,long,0.279,0.1368,0.4158,0.671,54.0,Buy,130
2026-09-30,BDTHAI,long,0.2683,0.127,0.3953,0.6787,55.0,Buy,131
2026-09-30,BANGAS,long,0.2704,0.1331,0.4036,0.6701,73.0,Buy,132
2026-09-30,FEDERALINS,long,0.2795,0.1416,0.4211,0.6637,69.0,Buy,133
2026-09-30,EBL,long,0.2448,0.1071,0.3518,0.6957,69.0,Buy,134
2026-09-30,GHCL,long,0.2607,0.1184,0.3791,0.6878,44.0,Buy,135
2026-09-30,UNITEDFIN,long,0.2751,0.1381,0.4132,0.6659,68.0,Buy,136
2026-09-30,MJLBD,long,0.2293,0.0921,0.3213,0.7135,65.0,Buy,137
2026-09-30,STANDBANKL,long,0.2965,0.1573,0.4538,0.6534,55.0,Buy,138
2026-09-30,DESCO,long,0.262,0.126,0.388,0.6753,64.0,Buy,139
2026-09-30,BDTHAIFOOD,long,0.2617,0.1246,0.3863,0.6776,57.0,Buy,140
2026-09-30,ALARABANK,long,0.2736,0.1333,0.4068,0.6724,40.0,Buy,141
2026-09-30,APEXFOODS,long,0.257,0.1232,0.3802,0.676,69.0,Buy,142
2026-09-30,POWERGRID,long,0.2621,0.1285,0.3907,0.671,62.0,Buy,143
2026-09-30,PROGRESLIF,long,0.2706,0.1353,0.4058,0.6667,52.0,Buy,144
2026-09-30,DBH,long,0.2291,0.0978,0.3269,0.7008,71.0,Buy,145
2026-09-30,NTLTUBES,long,0.2716,0.137,0.4086,0.6646,54.0,Buy,146
2026-09-30,PROVATIINS,long,0.2812,0.1478,0.429,0.6555,59.0,Buy,147
2026-09-30,CONTININS,long,0.284,0.1509,0.4349,0.653,56.0,Buy,148
2026-09-30,MONNOCERA,long,0.2792,0.1493,0.4285,0.6515,68.0,Buy,149
2026-09-30,RELIANCINS,long,0.274,0.1431,0.4171,0.6569,62.0,Buy,150
2026-09-30,VAMLRBBF,long,0.2497,0.1192,0.3689,0.6768,61.0,Buy,151
2026-09-30,INTECH,long,0.2415,0.1096,0.3511,0.6878,49.0,Buy,152
2026-09-30,DAFODILCOM,long,0.2639,0.1325,0.3964,0.6658,51.0,Buy,153
2026-09-30,RINGSHINE,long,0.2762,0.1422,0.4184,0.6601,35.0,Buy,154
2026-09-30,STANCERAM,long,0.2562,0.1235,0.3797,0.6748,38.0,Buy,155
2026-09-30,SONALILIFE,long,0.2611,0.1368,0.3979,0.6561,77.0,Buy,156
2026-09-30,BDFINANCE,long,0.246,0.1147,0.3607,0.6821,41.0,Buy,157
2026-09-30,ASIATICLAB,long,0.2753,0.149,0.4243,0.6489,64.0,Buy,158
2026-09-30,SONALIPAPR,long,0.2715,0.1484,0.4199,0.6466,79.0,Buy,159
2026-09-30,NAHEEACP,long,0.2723,0.1432,0.4154,0.6554,47.0,Buy,160
2026-09-30,NAVANACNG,long,0.2411,0.1131,0.3541,0.6807,48.0,Buy,161
2026-09-30,DSHGARME,long,0.2675,0.1417,0.4092,0.6537,57.0,Buy,162
2026-09-30,RENATA,long,0.2445,0.1215,0.366,0.668,71.0,Buy,163
2026-09-30,HAKKANIPUL,long,0.2838,0.1599,0.4437,0.6397,66.0,Buy,164
2026-09-30,PRIMEINSUR,long,0.2751,0.1493,0.4244,0.6482,56.0,Buy,165
2026-09-30,SALVO,long,0.2624,0.1371,0.3995,0.6569,56.0,Buy,166
2026-09-30,BENGALWTL,long,0.2445,0.1234,0.3678,0.6646,73.0,Buy,167
2026-09-30,FARCHEM,long,0.2875,0.1629,0.4504,0.6383,55.0,Buy,168
2026-09-30,SHEPHERD,long,0.2576,0.1359,0.3936,0.6546,69.0,Buy,169
2026-09-30,ACMEPL,long,0.2685,0.1454,0.4139,0.6486,62.0,Buy,170
2026-09-30,DACCADYE,long,0.2571,0.1334,0.3905,0.6585,57.0,Buy,171
2026-09-30,ITC,long,0.2355,0.1146,0.3502,0.6726,71.0,Buy,172
2026-09-30,ASIAPACINS,long,0.2672,0.1432,0.4105,0.651,55.0,Buy,173
2026-09-30,BDAUTOCA,long,0.2636,0.1396,0.4032,0.6537,53.0,Buy,174
2026-09-30,BESTHLDNG,long,0.2831,0.1594,0.4425,0.6398,52.0,Buy,175
2026-09-30,MHSML,long,0.27,0.1508,0.4208,0.6416,73.0,Buy,176
2026-09-30,SQURPHARMA,long,0.1959,0.0795,0.2754,0.7113,83.0,Buy,177
2026-09-30,PHENIXINS,long,0.2826,0.1611,0.4438,0.6369,57.0,Buy,178
2026-09-30,NORTHERN,long,0.2562,0.1324,0.3885,0.6593,44.0,Buy,179
2026-09-30,EASTRNLUB,long,0.2862,0.1687,0.4549,0.6292,71.0,Buy,180
2026-09-30,HAMI,long,0.2551,0.1344,0.3895,0.6549,53.0,Buy,181
2026-09-30,HFL,long,0.2651,0.1425,0.4076,0.6504,40.0,Buy,182
2026-09-30,UTTARAFIN,long,0.2596,0.1367,0.3964,0.655,38.0,Buy,183
2026-09-30,BNICL,long,0.3008,0.1811,0.4819,0.6242,54.0,Buy,184
2026-09-30,HRTEX,long,0.2549,0.1336,0.3886,0.6561,45.0,Buy,185
2026-09-30,ZAHINTEX,long,0.2499,0.1271,0.377,0.6628,33.0,Buy,186
2026-09-30,ANLIMAYARN,long,0.2536,0.1338,0.3874,0.6547,46.0,Buy,187
2026-09-30,STYLECRAFT,long,0.2568,0.1361,0.3929,0.6537,41.0,Buy,188
2026-09-30,TRUSTBANK,long,0.2613,0.1459,0.4072,0.6417,66.0,Buy,189
2026-09-30,AMCL(PRAN),long,0.2194,0.1028,0.3223,0.6809,58.0,Buy,190
2026-09-30,AMANFEED,long,0.2525,0.1367,0.3892,0.6487,62.0,Buy,191
2026-09-30,MONOSPOOL,long,0.2737,0.1612,0.4349,0.6293,78.0,Buy,192
2026-09-30,ADVENT,long,0.2541,0.1383,0.3924,0.6475,59.0,Buy,193
2026-09-30,FAMILYTEX,long,0.2696,0.1487,0.4183,0.6445,33.0,Buy,194
2026-09-30,ISLAMICFIN,long,0.2479,0.1291,0.377,0.6576,42.0,Buy,195
2026-09-30,DGIC,long,0.289,0.1731,0.462,0.6255,54.0,Buy,196
2026-09-30,FUWANGFOOD,long,0.26,0.1465,0.4064,0.6396,66.0,Buy,197
2026-09-30,FORTUNE,long,0.2496,0.1335,0.3831,0.6516,49.0,Buy,198
2026-09-30,ACIFORMULA,long,0.2527,0.1419,0.3945,0.6404,75.0,Buy,199
2026-09-30,APEXSPINN,long,0.2662,0.1517,0.4179,0.6371,55.0,Buy,200
2026-09-30,NTC,long,0.2513,0.1354,0.3868,0.6499,48.0,Buy,201
2026-09-30,EHL,long,0.2403,0.1312,0.3714,0.6469,80.0,Buy,202
2026-09-30,IDLC,long,0.2401,0.1299,0.37,0.6489,72.0,Buy,203
2026-09-30,ANWARGALV,long,0.259,0.146,0.405,0.6396,57.0,Buy,204
2026-09-30,TAKAFULINS,long,0.2789,0.1674,0.4463,0.6249,64.0,Buy,205
2026-09-30,IPDC,long,0.2459,0.1384,0.3843,0.6399,82.0,Buy,206
2026-09-30,PADMALIFE,long,0.2402,0.1263,0.3665,0.6554,50.0,Buy,207
2026-09-30,BDWELDING,long,0.2503,0.1345,0.3848,0.6505,38.0,Buy,208
2026-09-30,ABB1STMF,long,0.2756,0.1629,0.4385,0.6285,53.0,Buy,209
2026-09-30,SEB1PBOND,long,0.2186,0.0998,0.3184,0.6866,20.0,Buy,210
2026-09-30,BSCPLC,long,0.2249,0.1159,0.3408,0.6598,67.0,Buy,211
2026-09-30,LINDEBD,long,0.211,0.1023,0.3133,0.6734,68.0,Buy,212
2026-09-30,SHARPIND,long,0.2542,0.1436,0.3978,0.6389,57.0,Buy,213
2026-09-30,BSC,long,0.2322,0.1268,0.359,0.6468,82.0,Buy,214
2026-09-30,EGEN,long,0.2786,0.1714,0.4499,0.6191,73.0,Buy,215
2026-09-30,FBFIF,long,0.2595,0.1471,0.4066,0.6382,45.0,Buy,216
2026-09-30,METROSPIN,long,0.256,0.1434,0.3994,0.6409,42.0,Buy,217
2026-09-30,KOHINOOR,long,0.2062,0.099,0.3052,0.6755,65.0,Buy,218
2026-09-30,PRIMEFIN,long,0.2513,0.1395,0.3908,0.643,41.0,Buy,219
2026-09-30,SINGERBD,long,0.2335,0.1265,0.36,0.6487,64.0,Buy,220
2026-09-30,SAFKOSPINN,long,0.2498,0.1396,0.3893,0.6415,46.0,Buy,221
2026-09-30,ROBI,long,0.2247,0.1205,0.3452,0.6508,76.0,Buy,222
2026-09-30,BDCOM,long,0.2684,0.1631,0.4315,0.622,70.0,Buy,223
2026-09-30,PADMAOIL,long,0.2087,0.1022,0.3109,0.6712,60.0,Buy,224
2026-09-30,GLOBALINS,long,0.2523,0.149,0.4013,0.6288,74.0,Buy,225
2026-09-30,SSSTEEL,long,0.2552,0.147,0.4022,0.6345,48.0,Buy,226
2026-09-30,POPULAR1MF,long,0.2695,0.1608,0.4303,0.6263,45.0,Buy,227
2026-09-30,MAKSONSPIN,long,0.258,0.1491,0.407,0.6338,41.0,Buy,228
2026-09-30,AL-HAJTEX,long,0.2528,0.1501,0.4029,0.6275,71.0,Buy,229
2026-09-30,IBBLPBOND,long,0.2287,0.1168,0.3455,0.6619,24.0,Buy,230
2026-09-30,MONNOFABR,long,0.2568,0.1561,0.4129,0.6219,76.0,Buy,231
2026-09-30,NURANI,long,0.2577,0.1491,0.4068,0.6335,34.0,Buy,232
2026-09-30,SHASHADNIM,long,0.2468,0.1433,0.3901,0.6327,59.0,Buy,233
2026-09-30,LEGACYFOOT,long,0.2605,0.1595,0.4201,0.6202,70.0,Buy,234
2026-09-30,CVOPRL,long,0.2504,0.1499,0.4004,0.6255,71.0,Buy,235
2026-09-30,IBP,long,0.2479,0.1486,0.3965,0.6252,73.0,Buy,236
2026-09-30,PRIMETEX,long,0.2509,0.1456,0.3965,0.6328,41.0,Buy,237
2026-09-30,KPPL,long,0.2511,0.1461,0.3973,0.6321,41.0,Buy,238
2026-09-30,AAMRANET,long,0.2622,0.1607,0.4229,0.62,58.0,Buy,239
2026-09-30,SBACBANK,long,0.2463,0.1441,0.3904,0.631,54.0,Buy,240
2026-09-30,ICBAGRANI1,long,0.2234,0.1196,0.3429,0.6514,46.0,Buy,241
2026-09-30,RECKITTBEN,long,0.1699,0.0687,0.2386,0.712,59.0,Buy,242
2026-09-30,TECHNODRUG,long,0.2485,0.1499,0.3984,0.6237,70.0,Buy,243
2026-09-30,ZEALBANGLA,long,0.2421,0.1384,0.3805,0.6363,43.0,Buy,244
2026-09-30,ARAMITCEM,long,0.2601,0.1535,0.4136,0.6288,27.0,Buy,245
2026-09-30,GENEXIL,long,0.2435,0.1418,0.3853,0.6321,50.0,Buy,246
2026-09-30,SAPORTL,long,0.2465,0.1484,0.3949,0.6241,68.0,Buy,247
2026-09-30,IFIC1STMF,long,0.2729,0.172,0.4449,0.6134,50.0,Buy,248
2026-09-30,ACTIVEFINE,long,0.258,0.1585,0.4166,0.6195,55.0,Buy,249
2026-09-30,BEACHHATCH,long,0.2653,0.1673,0.4326,0.6134,54.0,Buy,250
2026-09-30,UCB2PBOND,long,0.1286,0.0251,0.1537,0.8364,26.0,Strong Buy,251
2026-09-30,GENNEXT,long,0.2579,0.1585,0.4165,0.6193,46.0,Buy,252
2026-09-30,SICL,long,0.257,0.1592,0.4162,0.6176,52.0,Buy,253
2026-09-30,MPETROLEUM,long,0.1899,0.092,0.2819,0.6737,50.0,Buy,254
2026-09-30,UNITEDINS,long,0.2658,0.1683,0.4341,0.6123,52.0,Buy,255
2026-09-30,PDL,long,0.255,0.1563,0.4114,0.62,44.0,Buy,256
2026-09-30,ICICL,long,0.281,0.1888,0.4698,0.5981,74.0,Buy,257
2026-09-30,NRBCBANK,long,0.2601,0.1613,0.4214,0.6172,39.0,Buy,258
2026-09-30,TALLUSPIN,long,0.2349,0.1353,0.3702,0.6344,35.0,Buy,259
2026-09-30,BANKASI1PB,long,0.1387,0.0373,0.176,0.7879,25.0,Strong Buy,260
2026-09-30,ONEBANKPLC,long,0.2512,0.156,0.4072,0.6168,56.0,Buy,261
2026-09-30,AZIZPIPES,long,0.2633,0.1648,0.4281,0.6151,38.0,Buy,262
2026-09-30,ICBEPMF1S1,long,0.2237,0.1256,0.3493,0.6405,37.0,Buy,263
2026-09-30,AMBEEPHA,long,0.1915,0.0948,0.2863,0.6689,44.0,Buy,264
2026-09-30,ZAHEENSPIN,long,0.2545,0.1577,0.4122,0.6173,43.0,Buy,265
2026-09-30,PREBPBOND,long,0.1348,0.035,0.1699,0.7937,25.0,Strong Buy,266
2026-09-30,ISNLTD,long,0.2571,0.1625,0.4196,0.6127,50.0,Buy,267
2026-09-30,UNIONINS,long,0.2654,0.175,0.4404,0.6026,71.0,Buy,268
2026-09-30,AOL,long,0.2513,0.1574,0.4087,0.6149,53.0,Buy,269
2026-09-30,IBNSINA,long,0.1866,0.0963,0.2829,0.6597,69.0,Buy,270
2026-09-30,MBPLCPBOND,long,0.1217,0.0228,0.1445,0.8419,26.0,Strong Buy,271
2026-09-30,MIDLANDBNK,long,0.2719,0.1825,0.4544,0.5984,73.0,Buy,272
2026-09-30,SEMLIBBLSF,long,0.239,0.147,0.386,0.6192,59.0,Buy,273
2026-09-30,PLFSL,long,0.2643,0.1689,0.4332,0.61,41.0,Buy,274
2026-09-30,DSSL,long,0.2462,0.1536,0.3997,0.6158,53.0,Buy,275
2026-09-30,AGNISYSL,long,0.2554,0.1658,0.4213,0.6064,67.0,Buy,276
2026-09-30,RUNNERAUTO,long,0.228,0.1398,0.3678,0.6199,74.0,Buy,277
2026-09-30,DEBARACEM,long,0.1215,0.0248,0.1463,0.8305,26.0,Strong Buy,278
2026-09-30,AFCAGRO,long,0.2539,0.1598,0.4137,0.6138,38.0,Buy,279
2026-09-30,NBL,long,0.2494,0.1553,0.4047,0.6162,36.0,Buy,280
2026-09-30,MTBPBOND,long,0.1186,0.0228,0.1414,0.8387,26.0,Strong Buy,281
2026-09-30,KPCL,long,0.2617,0.1709,0.4326,0.605,49.0,Buy,282
2026-09-30,WMSHIPYARD,long,0.2419,0.1545,0.3965,0.6102,63.0,Buy,283
2026-09-30,CAPMBDBLMF,long,0.1696,0.0841,0.2537,0.6684,71.0,Buy,284
2026-09-30,DULAMIACOT,long,0.2531,0.1619,0.415,0.6099,42.0,Buy,285
2026-09-30,GP,long,0.1903,0.1045,0.2947,0.6456,66.0,Buy,286
2026-09-30,SIPLC,long,0.2749,0.1848,0.4597,0.598,44.0,Buy,287
2026-09-30,BERGERPBL,long,0.168,0.0824,0.2504,0.6709,62.0,Buy,288
2026-09-30,CBLPBOND,long,0.1164,0.0239,0.1403,0.8294,26.0,Strong Buy,289
2026-09-30,TRUSTB1MF,long,0.2472,0.1598,0.407,0.6074,49.0,Buy,290
2026-09-30,MEGCONMILK,long,0.2664,0.1775,0.4439,0.6002,41.0,Buy,291
2026-09-30,SUNLIFEINS,long,0.2506,0.1641,0.4147,0.6043,50.0,Buy,292
2026-09-30,ETL,long,0.2578,0.176,0.4338,0.5943,73.0,Buy,293
2026-09-30,PHOENIXFIN,long,0.2393,0.1512,0.3904,0.6128,41.0,Buy,294
2026-09-30,SOUTHEASTB,long,0.2118,0.1312,0.343,0.6174,77.0,Buy,295
2026-09-30,SEAPEARL,long,0.2613,0.1794,0.4407,0.5929,70.0,Buy,296
2026-09-30,EBL1STMF,long,0.2478,0.16,0.4078,0.6077,39.0,Buy,297
2026-09-30,ICBIBANK,long,0.2419,0.1526,0.3945,0.6131,27.0,Buy,298
2026-09-30,VAMLBDMF1,long,0.1197,0.031,0.1507,0.7945,29.0,Strong Buy,299
2026-09-30,DBLPBOND,long,0.1299,0.0406,0.1704,0.762,24.0,Strong Buy,300
2026-09-30,MARICO,long,0.1692,0.088,0.2572,0.6578,63.0,Buy,301
2026-09-30,GQBALLPEN,long,0.2536,0.1715,0.4251,0.5966,58.0,Buy,302
2026-09-30,ABBLPBOND,long,0.1343,0.0462,0.1805,0.7439,27.0,Strong Buy,303
2026-09-30,IFIC,long,0.2445,0.163,0.4074,0.6001,59.0,Buy,304
2026-09-30,SONARGAON,long,0.2531,0.1691,0.4222,0.5996,46.0,Buy,305
2026-09-30,JUTESPINN,long,0.2023,0.118,0.3202,0.6316,42.0,Buy,306
2026-09-30,BATBC,long,0.2209,0.1424,0.3633,0.6081,70.0,Buy,307
2026-09-30,PREMIERLEA,long,0.2622,0.1785,0.4407,0.595,42.0,Buy,308
2026-09-30,UNIONCAP,long,0.2466,0.1625,0.4091,0.6029,39.0,Buy,309
2026-09-30,BDSERVICE,long,0.1188,0.0333,0.152,0.7813,25.0,Strong Buy,310
2026-09-30,ILFSL,long,0.1606,0.0754,0.236,0.6804,25.0,Buy,311
2026-09-30,FIRSTFIN,long,0.2452,0.1624,0.4075,0.6016,35.0,Buy,312
2026-09-30,WALTONHIL,long,0.2044,0.128,0.3323,0.6149,63.0,Buy,313
2026-09-30,APEXFOOT,long,0.1989,0.1227,0.3216,0.6185,63.0,Buy,314
2026-09-30,ICB3RDNRB,long,0.2292,0.1503,0.3795,0.6039,49.0,Buy,315
2026-09-30,UCB,long,0.2424,0.1655,0.4078,0.5943,58.0,Buy,316
2026-09-30,GRAMEENS2,long,0.2514,0.1758,0.4273,0.5884,63.0,Buy,317
2026-09-30,LIBRAINFU,long,0.2213,0.1433,0.3646,0.6069,49.0,Buy,318
2026-09-30,FEKDIL,long,0.2376,0.1642,0.4018,0.5913,70.0,Buy,319
2026-09-30,LRBDL,long,0.2395,0.1586,0.398,0.6017,32.0,Buy,320
2026-09-30,OAL,long,0.2444,0.1654,0.4098,0.5965,39.0,Buy,321
2026-09-30,SJIBLPBOND,long,0.2075,0.125,0.3325,0.624,21.0,Buy,322
2026-09-30,DEBBDWELD,long,0.1026,0.0219,0.1245,0.8244,26.0,Strong Buy,323
2026-09-30,MERCANBANK,long,0.2694,0.1913,0.4607,0.5848,38.0,Buy,324
2026-09-30,MITHUNKNIT,long,0.2387,0.1608,0.3994,0.5975,39.0,Buy,325
2026-09-30,IBBL2PBOND,long,0.1672,0.0858,0.253,0.6608,21.0,Buy,326
2026-09-30,NRBBANK,long,0.2724,0.197,0.4694,0.5803,48.0,Buy,327
2026-09-30,SIBL,long,0.1259,0.0466,0.1725,0.7298,28.0,Strong Buy,328
2026-09-30,AAMRATECH,long,0.2435,0.1677,0.4111,0.5922,45.0,Buy,329
2026-09-30,AIBLPBOND,long,0.161,0.0804,0.2413,0.667,19.0,Buy,330
2026-09-30,DEBBXDENIM,long,0.1004,0.0215,0.1219,0.8235,26.0,Strong Buy,331
2026-09-30,DEBBXTEX,long,0.1004,0.0215,0.1219,0.8235,26.0,Strong Buy,332
2026-09-30,DEBBDLUGG,long,0.0959,0.0172,0.1131,0.8479,26.0,Strong Buy,333
2026-09-30,DEBBDZIPP,long,0.0959,0.0172,0.1131,0.8479,26.0,Strong Buy,334
2026-09-30,LHBL,long,0.0976,0.0191,0.1167,0.8362,26.0,Strong Buy,335
2026-09-30,PHARMAID,long,0.2229,0.1491,0.3721,0.5992,49.0,Buy,336
2026-09-30,BDLAMPS,long,0.2562,0.182,0.4382,0.5846,47.0,Buy,337
2026-09-30,SKTRIMS,long,0.2262,0.1501,0.3762,0.6011,35.0,Buy,338
2026-09-30,REGENTTEX,long,0.2453,0.1707,0.4159,0.5897,42.0,Buy,339
2026-09-30,CAPITECGBF,long,0.2449,0.1735,0.4184,0.5853,57.0,Buy,340
2026-09-30,SALVOCHEM,long,0.1016,0.0257,0.1273,0.7979,33.0,Strong Buy,341
2026-09-30,KBPPWBIL,long,0.2253,0.1572,0.3825,0.5889,70.0,Buy,342
2026-09-30,RNSPIN,long,0.0951,0.0186,0.1137,0.8365,26.0,Strong Buy,343
2026-09-30,DEBBXFISH,long,0.0932,0.0172,0.1104,0.8441,26.0,Strong Buy,344
2026-09-30,DEBBXKNI,long,0.0932,0.0172,0.1104,0.8441,26.0,Strong Buy,345
2026-09-30,MIRACLEIND,long,0.2409,0.1684,0.4093,0.5886,43.0,Buy,346
2026-09-30,RSRMSTEEL,long,0.2383,0.1644,0.4027,0.5917,35.0,Buy,347
2026-09-30,PAPERPROC,long,0.0986,0.023,0.1216,0.8106,26.0,Strong Buy,348
2026-09-30,ATCSLGF,long,0.0971,0.022,0.1192,0.815,27.0,Strong Buy,349
2026-09-30,FAREASTLIF,long,0.2595,0.187,0.4465,0.5811,36.0,Buy,350
2026-09-30,FIRSTSBANK,long,0.1105,0.0372,0.1478,0.748,26.0,Strong Buy,351
2026-09-30,TUNGHAI,long,0.2345,0.1629,0.3974,0.5901,34.0,Buy,352
2026-09-30,PREMIERBAN,long,0.2503,0.1808,0.4311,0.5806,44.0,Buy,353
2026-09-30,CNATEX,long,0.2307,0.1622,0.3929,0.5871,41.0,Buy,354
2026-09-30,SEMLLECMF,long,0.097,0.026,0.123,0.7884,25.0,Strong Buy,355
2026-09-30,EXIMBANK,long,0.1184,0.047,0.1654,0.7156,22.0,Buy,356
2026-09-30,GIB,long,0.1057,0.0349,0.1407,0.7517,23.0,Strong Buy,357
2026-09-30,SLIPLC,long,0.0939,0.0228,0.1167,0.8049,21.0,Strong Buy,358
2026-09-30,ARGONDENIM,long,0.2279,0.164,0.392,0.5815,57.0,Buy,359
2026-09-30,PBLPBOND,long,0.1775,0.106,0.2835,0.6261,17.0,Buy,360
2026-09-30,BATASHOE,long,0.1635,0.097,0.2606,0.6276,40.0,Buy,361
2026-09-30,PHPMF1,long,0.2437,0.1785,0.4222,0.5772,44.0,Lean Buy,362
2026-09-30,UNILEVERCL,long,0.1536,0.0895,0.2431,0.6319,48.0,Buy,363
2026-09-30,BPPL,long,0.2441,0.1838,0.4279,0.5705,63.0,Lean Buy,364
2026-09-30,ALIF,long,0.2408,0.1751,0.4159,0.5789,34.0,Lean Buy,365
2026-09-30,APOLOISPAT,long,0.2431,0.1805,0.4235,0.5739,40.0,Lean Buy,366
2026-09-30,APSCLBOND,long,0.2169,0.1499,0.3667,0.5913,18.0,Buy,367
2026-09-30,SHURWID,long,0.2399,0.1759,0.4157,0.577,31.0,Lean Buy,368
2026-09-30,MEGHNAINS,long,0.2412,0.1847,0.426,0.5663,67.0,Lean Buy,369
2026-09-30,GLDNJMF,long,0.249,0.1887,0.4377,0.5688,47.0,Lean Buy,370
2026-09-30,SAMORITA,long,0.2331,0.1744,0.4075,0.572,52.0,Lean Buy,371
2026-09-30,FAREASTFIN,long,0.1481,0.0838,0.2319,0.6386,23.0,Buy,372
2026-09-30,MATINSPINN,long,0.2463,0.1879,0.4341,0.5672,51.0,Lean Buy,373
2026-09-30,UNIONBANK,long,0.0982,0.0345,0.1327,0.7398,23.0,Strong Buy,374
2026-09-30,CAPMIBBLMF,long,0.2471,0.1891,0.4363,0.5665,48.0,Lean Buy,375
2026-09-30,SAVAREFR,long,0.0986,0.036,0.1346,0.7328,22.0,Strong Buy,376
2026-09-30,LRGLOBMF1,long,0.2382,0.1789,0.4171,0.5712,38.0,Lean Buy,377
2026-09-30,RENWICKJA,long,0.2373,0.179,0.4163,0.5699,37.0,Lean Buy,378
2026-09-30,LOVELLO,long,0.2305,0.1783,0.4088,0.5638,60.0,Lean Buy,379
2026-09-30,PRIME1ICBA,long,0.2254,0.1698,0.3951,0.5703,42.0,Lean Buy,380
2026-09-30,GSPFINANCE,long,0.2298,0.1746,0.4044,0.5682,39.0,Lean Buy,381
2026-09-30,BARKAPOWER,long,0.2357,0.1819,0.4176,0.5644,43.0,Lean Buy,382
2026-09-30,BIFC,long,0.2561,0.2005,0.4566,0.5609,30.0,Lean Buy,383
2026-09-30,YPL,long,0.2221,0.1698,0.3918,0.5668,45.0,Lean Buy,384
2026-09-30,FASFIN,long,0.1418,0.0852,0.227,0.6247,22.0,Buy,385
2026-09-30,CENTRALPHL,long,0.244,0.1937,0.4378,0.5575,51.0,Lean Buy,386
2026-09-30,SIMTEX,long,0.2429,0.1932,0.4361,0.5569,53.0,Lean Buy,387
2026-09-30,BAYLEASING,long,0.2246,0.1723,0.3969,0.5658,36.0,Lean Buy,388
2026-09-30,SEMLFBSLGF,long,0.2328,0.1827,0.4155,0.5602,47.0,Lean Buy,389
2026-09-30,BEXIMCO,long,0.2241,0.1769,0.401,0.5589,56.0,Lean Buy,390
2026-09-30,ABBANK,long,0.2501,0.1987,0.4488,0.5572,35.0,Lean Buy,391
2026-09-30,MBL1STMF,long,0.2445,0.2001,0.4446,0.55,53.0,Lean Buy,392
2026-09-30,ORIONINFU,long,0.2399,0.1997,0.4396,0.5457,56.0,Lean Buy,393
2026-09-30,INTRACO,long,0.247,0.2064,0.4534,0.5447,50.0,Lean Buy,394
2026-09-30,EBLNRBMF,long,0.2415,0.1994,0.441,0.5477,40.0,Lean Buy,395
2026-09-30,PTL,long,0.222,0.185,0.4069,0.5455,64.0,Lean Buy,396
2026-09-30,KEYACOSMET,long,0.2378,0.1974,0.4353,0.5464,45.0,Lean Buy,397
2026-09-30,1JANATAMF,long,0.2454,0.2042,0.4496,0.5459,40.0,Lean Buy,398
2026-09-30,DBH1STMF,long,0.2355,0.201,0.4365,0.5396,48.0,Lean Buy,399
2026-09-30,GREENDELMF,long,0.2213,0.1868,0.4082,0.5423,47.0,Lean Buy,400
2026-09-30,SONALIANSH,long,0.2394,0.2068,0.4462,0.5365,50.0,Lean Buy,401
2026-09-30,MALEKSPIN,long,0.2328,0.2063,0.4391,0.5302,70.0,Lean Buy,402
2026-09-30,ICBAMCL2ND,long,0.2275,0.193,0.4204,0.541,28.0,Lean Buy,403
2026-09-30,NITOLINS,long,0.2499,0.2196,0.4695,0.5323,47.0,Lean Buy,404
2026-09-30,EMERALDOIL,long,0.2312,0.2029,0.4341,0.5326,41.0,Lean Buy,405
2026-09-30,IFILISLMF1,long,0.2099,0.1811,0.391,0.5368,36.0,Lean Buy,406
2026-09-30,DELTASPINN,long,0.2401,0.2144,0.4544,0.5283,43.0,Lean Buy,407
2026-09-30,MERCINS,long,0.2312,0.2054,0.4367,0.5296,41.0,Lean Buy,408
2026-09-30,NCCBLMF1,long,0.2209,0.1948,0.4157,0.5313,33.0,Lean Buy,409
2026-09-30,1STPRIMFMF,long,0.2387,0.2193,0.4581,0.5212,40.0,Lean Buy,410
2026-09-30,SHYAMPSUG,long,0.2267,0.2078,0.4346,0.5217,35.0,Lean Buy,411
2026-09-30,MEGHNAPET,long,0.2264,0.2105,0.4369,0.5181,40.0,Lean Buy,412
2026-09-30,KARNAPHULI,long,0.234,0.2246,0.4586,0.5102,69.0,Lean Buy,413
2026-09-30,PF1STMF,long,0.2166,0.2094,0.426,0.5084,36.0,Lean Buy,414
2026-09-30,ALLTEX,long,0.2221,0.2166,0.4388,0.5063,37.0,Lean Buy,415
2026-09-30,ORIONPHARM,long,0.2338,0.2321,0.4659,0.5018,51.0,Lean Buy,416
2026-09-30,RELIANCE1,long,0.2312,0.2304,0.4616,0.5008,55.0,Lean Buy,417
2026-09-30,ENVOYTEX,long,0.2219,0.2272,0.4492,0.4941,69.0,Lean Sell,418
2026-09-30,SAIHAMCOT,long,0.2055,0.2121,0.4175,0.4921,67.0,Lean Sell,419
2026-09-30,MIDASFIN,long,0.2367,0.238,0.4747,0.4986,27.0,Lean Sell,420
2026-09-30,ICBSONALI1,long,0.196,0.2083,0.4042,0.4848,39.0,Lean Sell,421
2026-09-30,AIBL1STIMF,long,0.1947,0.2098,0.4045,0.4814,39.0,Lean Sell,422
2026-09-30,KTL,long,0.2209,0.2372,0.458,0.4822,43.0,Lean Sell,423
2026-09-30,SAIHAMTEX,long,0.2118,0.2324,0.4442,0.4767,49.0,Lean Sell,424
2026-09-30,GBBPOWER,long,0.1987,0.2236,0.4223,0.4705,41.0,Lean Sell,425
2026-09-30,EXIM1STMF,long,0.183,0.2521,0.4351,0.4205,54.0,Lean Sell,426
